-- =============================================================================
-- import_inventaire_ia92.sql — Bâti patrimonial « Inventaire général » (Mérimée/POP)
-- =============================================================================
-- PÉRIMÈTRE : Inventaire général du dép. 92 uniquement (REF commençant par IA92).
--             NE touche PAS monuments_historiques (table MH scellée), ni le moteur
--             de score, ni le golden.
-- USAGE     : DESCRIPTIF uniquement. inventaire_general n'alimente JAMAIS le verdict
--             binaire Sans Vis-à-Vis® ni le score de qualité de vue. Sert au badge
--             « bâti patrimonial » (affichage), désactivable via badge_actif /
--             deno_affichage (aujourd'hui liste blanche totale, table vide).
-- TOLÉRANCE : rattachement point→bâti = ST_Contains sinon KNN <-> ≤ 15 m.
--             Tolérance 15 m VERROUILLÉE (miroir du rattachement MH). Ne pas dévier.
-- CHAÎNE (ordre figé, ne pas réordonner) :
--   1. adresse : voie (trigram, bonne commune) + n° exact sinon voisin ±2
--                (bis/ter→nu ; multi-adresses éclatées) → point → ST_Contains
--                sinon KNN ≤15 m           → mode num_exact / voisin_2
--   2. CADA → parcelle (bonne commune INSEE) → bâtis (ST_PointOnSurface inclus) :
--        - 1 bâti           → cada_1bati
--        - >1 bâti          → PLUS GRANDE EMPRISE ST_Area ; égalité stricte du
--                             max → TOUS les ex æquo (1 ligne/cleabs) →
--                             cada_max_emprise ; écart max/2e <15 % → desamb_serree
--        - 0 bâti           → non rattaché
--   3. bonus : point POP (POP_COORDONNEES) dans parcelle, même règle 1 bâti /
--              emprise max → point_parcelle
--   4. sinon : non rattaché (cleabs NULL, traçabilité). JAMAIS de centroïde de voie.
--
-- REPLAY Paris + petite couronne : régénérer les candidats (VALUES ci-dessous) à
--   partir de l'export POP correspondant en changeant le filtre de référence
--   IA75 / IA92 / IA93 / IA94 (même parseur XLSX + mêmes règles DENO/DOSS).
--   Le corps SQL (norm_voie, résolution, INSERT) est identique quel que soit le dépt.
--
-- PROVENANCE DES DONNÉES : les blocs VALUES (t_notice / t_adr / t_cada / t_pt) sont
--   générés hors-ligne par le parseur Python de l'export XLSX POP (search/advanced
--   + notice-export/sync/public), qui applique le filtre « bâti » (seau BÂTI = 306 ;
--   exclut ESPACE_VERT, COLLECTIF/ÉTUDE, MONUMENT/FUNÉRAIRE via DENO+DOSS), dérive
--   commune_insee (WEB=INSEE sinon LOCA après "(92)") et parse ADRS / CADA.
--   Re-jouer ce fichier tel quel reproduit à l'identique l'import IA92.
--   NB : sur base déjà importée, DROP TABLE inventaire_general au préalable.
-- =============================================================================

-- 1) Extensions (idempotent) --------------------------------------------------
CREATE EXTENSION IF NOT EXISTS unaccent;
CREATE EXTENSION IF NOT EXISTS pg_trgm;

-- 2) Normaliseur de voie (unaccent → lower → ponctuation en espaces → abréviations)
CREATE OR REPLACE FUNCTION norm_voie(s text) RETURNS text AS $$
  SELECT btrim(regexp_replace(
    regexp_replace(regexp_replace(regexp_replace(regexp_replace(regexp_replace(regexp_replace(
    regexp_replace(regexp_replace(regexp_replace(regexp_replace(regexp_replace(regexp_replace(
      regexp_replace(lower(unaccent(coalesce(s,''))),'[^a-z0-9]+',' ','g'),
      '\yave?\y','avenue'), '\ybd\y','boulevard'), '\ybld\y','boulevard'),
      '\yboul\y','boulevard'), '\ypl\y','place'), '\yimp\y','impasse'),
      '\yst\y','saint'), '\yste\y','sainte'), '\ydr\y','docteur'),
      '\ygal\y','general'), '\ymal\y','marechal'), '\yrte\y','route'),
    '\s+',' ','g'))
$$ LANGUAGE sql IMMUTABLE;

-- 3) Tables -------------------------------------------------------------------
CREATE TABLE inventaire_general (
  id            bigint GENERATED ALWAYS AS IDENTITY PRIMARY KEY,
  ref           text NOT NULL,
  deno text, nom text, commune_insee text, datation text,
  adresse text, cada_ref text,
  statut        text NOT NULL DEFAULT 'bati_patrimonial',
  cleabs        text,                 -- NULL = non rattaché
  mode_rattachement text,             -- num_exact|voisin_2|cada_1bati|cada_max_emprise|point_parcelle
  dist_m        numeric,
  desamb_serree boolean NOT NULL DEFAULT false,
  badge_actif   boolean NOT NULL DEFAULT true,
  geom_point    geometry(Point,2154),
  UNIQUE (ref, cleabs)
);
CREATE INDEX ON inventaire_general (cleabs);
CREATE TABLE IF NOT EXISTS deno_affichage (deno text PRIMARY KEY, affichable boolean NOT NULL);
-- deno_affichage reste VIDE : aujourd'hui liste blanche totale (toutes catégories affichées).

-- 4) Ingestion + chaîne de rattachement (une transaction) ---------------------
BEGIN;
CREATE TEMP TABLE t_notice(ref text,deno text,nom text,commune_insee text,datation text,adresse text,cada_ref text,lat float8,lon float8) ON COMMIT DROP;
INSERT INTO t_notice VALUES
('IA92000006','maison','4 maisons (maisons en série)','92023','1er quart 20e siècle','Victor Hugo (avenue) 204, 206, 208, 210','1987 J 315',NULL,NULL),('IA92000007','église paroissiale','Eglise paroissiale Saint-Pierre, Saint-Paul','92023','1508 ; 1523 ; 1634 ; 1863 ; 1876','Eglise (place de l'')','1987 AL 92',NULL,NULL),('IA92000008','église paroissiale','Eglise paroissiale Saint-Joseph','92023','1932 ; 1939','Jean Jaurès (avenue) 145','1987 Q 118',NULL,NULL),('IA92000009','église paroissiale','église paroissiale Saint-François-de-Sales','92023','1933','Général de Gaulle (avenue du) 340','1987 BI 321',NULL,NULL),('IA92000010','établissement conventuel','Etablissement conventuel de Carmélites L''Incarnation (Carmel) dit Carmel de l''Incarnation','92023','4e quart 19e siècle ; 1er quart 20e siècle ; 2e quart 20e siècle','Est (rue de l'') 3','1987 AM 55',NULL,NULL),('IA92000011','établissement conventuel','Etablissement conventuel de Jésuites (centre de retraites) dit Villa Manrese','92023','1876 ; 1888 ; 1895 ; 1951','Fauveau (rue) 5','1987 AS 1A, B, D',NULL,NULL),('IA92000031','maison','Maison d''artiste dite fondation Arp','92023','1928','Châtaigniers (rue des) 21','1987 AV 10',NULL,NULL),('IA92000032','gare','Gare dite Nouvelle Gare de Clamart','92023','1904','de la Gare (place)','1987 I 17',NULL,NULL),('IA92000036','demeure ; mairie','demeure dite Château Barral et colombier de Guillaume Deprez, mairie','92023','1878 ; 1894 ; 1919','Maurice Gunsbourg (place)','1807 section D 248 ; 1987 AD 278',NULL,NULL),('IA92000037','fontaine','Fontaine monumentale, fontaine de Place Publique','92023','1943','Maurice Gunsbourg (place)','1987 AD sans numéro de parcelle',NULL,NULL),('IA92000038','bureau de poste','Poste','92023','2e quart 20e siècle','Hébert (rue) 25','1987 J 227',NULL,NULL),('IA92000039','garderie d''enfants','Garderie d''enfants dite Crèche municipale Sainte-Emilie','92023','1880 ; 1908','Trosy (rue du) 26','1987 AD 20',NULL,NULL),('IA92000040','maison de retraite','Maison de retraite Ferrari, fondation Brignole Galliera','92023','1878','Ferrari (place) 1','1987 AL 93',48.79817563867457,2.262146345260619),('IA92000041','maison','maison de plaisance dite maison de l''abbé Delille, puis propriété Micoud','92023','limite 18e siècle 19e siècle','Président Roosevelt (avenue du) 26','1987 AC 3',NULL,NULL),('IA92000042','maison de retraite ; hospice','maison de retraite, hospice dit fondation Schneider et fondation Hunebelle, actuellement hospice Sainte-Emilie','92023','3e quart 19e siècle ; 4e quart 19e siècle','Adolphe Schneider (avenue) 81','1987 AU 2',NULL,NULL),('IA92000044','école maternelle','école maternelle Gathelot','92023','2e quart 20e siècle','Gathelot (rue) 7','1987 AK 101',NULL,NULL),('IA92000045','école maternelle','Ecole maternelle dite Ecole du Jardin Parisien','92023','2e quart 20e siècle','Docteur Roux (rue du) 2','1987 BD 1',NULL,NULL),('IA92000046','groupe scolaire','Groupe scolaire (Ecole maternelle, Ecole primaire) dit Groupe scolaire Jules Ferry','92023','1907','Jean Jaurès (avenue) 154, 152 ; Jules Ferry (rue) 6','1987 P 58',NULL,NULL),('IA92000047','école primaire','Ecole primaire dite Groupe scolaire des Rochers','92023','1921','Estienne d''Orves (rue d'') 43','1987 U 92',NULL,NULL),('IA92000049','école primaire','Ecole primaire dite Ecole de la Mairie, Ecole du Centre','92023','1843 ; 1860 ; 1872 ; 1880','Jean Jaurès (avenue) 1','1987 AD 278',NULL,NULL),('IA92000050','collège','Collège dit Collège de Maison Blanche','92023','2e quart 20e siècle','Maison Blanche (rue de la) 14','1987 AF 58',NULL,NULL),('IA92000051','maison ; pensionnat','Maison de maître, pensionnat dit Institution Duchesne, puis Cours Condorcet','92023','4e quart 18e siècle ; 1er quart 19e siècle','Eglise (rue de l'') 12','1810 section D 87 ; 1987 AL 135',NULL,NULL),('IA92000052','cinéma','Cinéma','92023','2e quart 20e siècle','Vanves (avenue de) 14','1987 H 66',NULL,NULL),('IA92000053','café ; restaurant','Café restaurant dit Brasserie de l''Hôtel de Ville','92023','1938','Maurice Gunsbourg (place) ; Trosy (rue du) 27','1987 AD 39',NULL,NULL),('IA92000054','gendarmerie','Gendarmerie','92023','1903','Gabriel Péri (avenue) 30','1987 AF 1',NULL,NULL),('IA92000055','demeure ; pensionnat','Demeure dite Pavillon Louvois, pensionnat dit Foyer des Apprentis Orphelin d''Auteuil','92023','4e quart 17e siècle ; 19e siècle','Taboise (rue) 18','1810 section D 168 ; 1987 AL 116',NULL,NULL),('IA92000056','maison','Maison','92023','1er quart 20e siècle','Cecille Dinant (rue) 36','1987 G 10',NULL,NULL),('IA92000059','maison','Maison de forestier dite Maison forestière de Clamart','92023','limite 19e siècle 20e siècle','Garde (place du)','1987 AT 8',NULL,NULL),('IA92000060','maison','Maison','92023','1892','Jean Jaurès (avenue) 163','1987 Q 94',NULL,NULL),('IA92000061','maison','Maison','92023','1er quart 20e siècle','Jean Jaurès (avenue) 173','1987 G 57',NULL,NULL),('IA92000062','maison','Maison (Chalet)','92023','4e quart 19e siècle','Louise Possoz (rue) 9','1987 AM 75',NULL,NULL),('IA92000063','maison','Maison','92023','4e quart 19e siècle','Pierre et Marie Curie (rue) 11','1987 AD 260',NULL,NULL),('IA92000064','maison','Maison','92023','1904','Moulin de Pierres (rue du) 33','1987 S 82',NULL,NULL),('IA92000065','maison','maison jumelée','92023','1er quart 20e siècle','Moulin de Pierres (rue du) 35, 37','1987 S 83, 84',NULL,NULL),('IA92000066','maison','Maison','92023','1er quart 20e siècle','Jean Jaurès (avenue) 225','1987 H 13',NULL,NULL),('IA92000067','immeuble','Immeuble (Immeuble de rapport)','92023','1er quart 20e siècle','Hébert (rue) 1','1987 I 19',NULL,NULL),('IA92000068','immeuble','Immeuble (Immeuble de rapport)','92023','1930','Hébert (rue) 19','1987 J 230',NULL,NULL),('IA92000069','immeuble','Immeuble (Immeuble de rapport)','92023','1908','Jean Jaurès (avenue) 47bis','1987 AE 9',NULL,NULL),('IA92000070','immeuble','Immeuble de rapport dit immeuble la Fourche','92023','1895','Jean Jaurès (avenue) 202','1987 H 63',NULL,NULL),('IA92000071','immeuble','Immeuble','92023','2e quart 20e siècle','René Samuel (rue) 1','1987 AL 67',NULL,NULL),('IA92000072','immeuble','Immeuble (Immeuble de rapport)','92023','4e quart 19e siècle ; 1er quart 20e siècle','Paul Vaillant Couturier (rue) 16','1987 AE 41',NULL,NULL),('IA92000073','immeuble','Immeuble (Immeuble de rapport)','92023','1er quart 20e siècle','Victor Hugo (avenue) 223','1987 H 68',NULL,NULL),('IA92000074','maison ; atelier','maison, atelier de forgeron','92023','4e quart 19e siècle','Jean Jaurès (avenue) 38','1987 AE 49',NULL,NULL),('IA92000075','demeure ; maison','Demeure, maison de plaisance dite maison de la duchesse de Galliéra, puis maison Blanche','92023','18e siècle ; 19e siècle','Georges Huguet (rue) 8','1987 AF 3 A 57, 102 A 104, 119, 125, 127, 130, 131, 135 ; 1987 N 41 A 81, 85 A 92, 133 A 143, 148 A 165, 168, 171, 181, 182, 194, 207, 214 A 216, 256 A 258, 283, 284, 289 A 294, 301 A 304',NULL,NULL),('IA92000076','maison','Maison','92023','1899','Gambetta (rue) 31','1987 G 12',NULL,NULL),('IA92000077','centrale thermique','Centrale thermique dite Centrale Electrique le Triphasé d''Asnières','92004','1899','Novion (rue) ; Aulagnier (quai)','1988 AY 57',NULL,NULL),('IA92000078','usine de produits chimiques ; usine de construction automobile','Usine de produits chimiques L''Oxilythe, puis usine de construction automobile Ford, actuellement Peugeot Citroën SA','92004','1919 ; 1925 ; 1926','Aulagnier (quai) 255','1989 BD',NULL,NULL),('IA92000079','usine de construction aéronautique','Usine de construction aéronautique dite Usine de construction aéronautique Société Industrielle pour L''aéronautique, puis Air Equipement, actuellement Lucas','92004','1ère moitié 20e siècle','Basly (rue) 14','1989 R 131',NULL,NULL),('IA92000080','usine de produits chimiques ; usine de produits alimentaires','Usine de produits chimiques, Usine de produits alimentaires dite Usine de produits chimiques L''Oxylithe, puis Usine de produits alimentaires Marga, puis Astra, actuellement Astra Calve','92004','1930 ; 1934 ; 1949','Aulagnier (quai) 225','1989 BD',NULL,NULL),('IA92000081','usine de bonneterie ; usine de cosmétiques','usine de bonneterie Chanel, puis usine de cosmétiques Millot, puis Révillon, puis Grénoville, actuellement L''Oréal Vichy','92004','1er quart 20e siècle ; 2e quart 20e siècle','Solférino (rue de) 2 ; Sainte Anne (avenue) 3','1989 AH 79, 84',NULL,NULL),('IA92000082','usine de produits pharmaceutiques','Usine de produits pharmaceutiques dite Usine de produits pharmaceutiques Société Industrielle de Thérapeutique Scientifique Appliquée','92004','1928 ; 1933 ; 1936','Champs (rue des) 15','1989 AB 176',NULL,NULL),('IA92000083','usine de maroquinerie','Usine de maroquinerie','92004','1859 ; 1878 ; 1990 ; 1993 ; 1995','Comète (rue de la) 17','1990 X 143 à 148, 180, 181, 186',NULL,NULL),('IA92000084','dépôt d''autobus','Dépôt d''autobus dit Dépôt de la R.A.T.P d''Asnières','92004','1er quart 20e siècle','Voltaire (boulevard) 46','1984 S 67',NULL,NULL),('IA92000085','usine à gaz','Usine à gaz dite Usine de la Société du Gaz de Paris, actuellement Gaz de France','92024','1878 ; 1880 ; 1920 ; 1930','Chasse (rue des) 5 ; Clichy (quai de)','1981 B 2, 3, 10, 12, 14',NULL,NULL),('IA92000086','établissement élévateur des eaux','Etablissement élévateur des eaux dite usine des Eaux de la Ville de Paris','92024','1890 ; 1912 ; 1936','Clichy (quai de) ; Louis Fournier (rue)','1981 B 4',NULL,NULL),('IA92000087','filature ; cartonnerie ; imprimerie','filature Maroger et Devigne, puis cartonnerie et imprimerie Dureysen','92024','1918','Villeneuve (rue de) 27','1989 P 131',NULL,NULL),('IA92000088','usine de petit matériel électrique','Usine de petit matériel électrique dite usine Fulmen','92024','1893 ; 1904 ; 1908 ; 1928','Bac d''Asnières (rue du) ; Clichy (quai de) 18','1981 A 5, 6, 7, 8',NULL,NULL),('IA92000089','usine de sparterie','Usine de Sparterie dite Usine de Paillassons Guyot','92024','1er quart 20e siècle','Landy (rue du) 37','1981 P 26',NULL,NULL),('IA92000090','verrerie ; imprimerie','Verrerie, Imprimerie Imprimerie Paul Dupont, puis Imprimerie et Librairie Administrative des Chemins de Fer','92024','3e quart 19e siècle','Bac d''Asnières (rue du) 12','1990 B 3',NULL,NULL),('IA92000092','centrale thermique','Centrale thermique','92036','1919 ; 1928 ; 1947','Gennevilliers (quai de)','1990 B 35, 28',NULL,NULL),('IA92000093','usine à gaz','Usine à gaz dite société d''éclairage chauffage et force motrice, puis Gaz de France','92036','1904 ; 1906 ; 1919 ; 1928 ; 1937 ; 1938 ; 1941 ; 1946 ; 1948 ; 1949 ; 1956','Pont d''Epinay (avenue du) 132','1990 H 17 A 28, 29',NULL,NULL),('IA92000094','usine de construction mécanique ; aciérie ; fonderie','Usine de construction mécanique, aciérie, fonderie dite Usine de construction mécanique Delachaux, puis aciéries de Gennevilliers actuellement aciéries Delachaux','92036','1916 ; 1918 ; 1930 ; 1945 ; 1948 ; 1956 ; 1968 ; 1972 ; 1978','Louis Roche (avenue) 119','1990 P 92, O 40, 45, 46',NULL,NULL),('IA92000095','usine de construction automobile','usine de construction automobile Chenard et Walker, puis Chausson','92036','1908 ; 1925 ; 1929 ; 1973','Henri Barbusse (rue) 23','1990 AK 2, 4, 5, 6, 7, 10, 53, 55, 20, 21',NULL,NULL),('IA92000096','usine de construction aéronautique','usine de construction aéronautique (usine de moteurs d''avions) dite Société des moteurs Gnome, puis Société des moteurs Gnome et Rhône, actuellement SNECMA (Société Nationale d''Etudes et de Construction de Moteurs d''Aviation)','92036','1895 ; 1916 ; 1951','Argenteuil (avenue d'') 291','1990 A 3, 12, 13, 16, 17, 19, 20, 23, 26, 27',NULL,NULL),('IA92000097','brûlerie','Brûlerie dite Brûlerie de Café Richard','92036','1er quart 20e siècle','Fossé Blanc (rue du) 106','1984 P 60',NULL,NULL),('IA92000098','usine de produits photographiques et cinématographiques','usine de produits photographiques et cinématographiques dite usine de produits photographiques The Vita Graph Company, puis CTM (Cinéma Tirage Maurice) , puis Laboratoires Cinématographiques CTM','92036','1913 ; 1932 ; 1939 ; 1949','Pierre Timbaud (rue) 66','1990 U 104',NULL,NULL),('IA92000099','fonderie','fonderie Aubert et Duval','92036','1920 ; 1927 ; 1938 ; 1939 ; 1951 ; 1953','Henri Vuillemin (rue) 22','1990 AO 74, 90, 89, 75 ; AN, 35',NULL,NULL),('IA92000100','usine de construction aéronautique ; usine de construction mécanique','Usine de construction aéronautique Mathis, puis usine de construction mécanique Général Motors','92036','1926 ; 1938 ; 1939 ; 1950 ; 1951 ; 1952 ; 1955 ; 1960','Louis Rochée (avenue) 56, 68','1990 O 23, 28, 29, 30',NULL,NULL),('IA92000101','usine de matériel radioélectrique','Usine de matériel radioélectrique dite compagnie française Thomson Houston, puis Thomson CSF, actuellement Thomson','92036','1951 ; 1952 ; 1953 ; 1959 ; 1988','Fossé Blanc (rue du) 60','1990 P 58, 60, 67, 68, 69, 70',NULL,NULL),('IA92000102','usine de produits chimiques','Usine de produits chimiques dite Usine de produits chimiques Le Carbone Lorraine','92036','1914 ; 1920 ; 1923 ; 1928','Jean Jaurès (avenue) 37 à 41','1990 AH 96, 97, 98',NULL,NULL),('IA92000103','usine de peintures et vernis','Usine de Peintures et Vernis dite Compagnie des Vernis Valentine','92036','1929 ; 1930 ; 1931 ; 1940 ; 1941 ; 1946','Grésillons (avenue des) 183, 185','1990 0 57, 58',NULL,NULL),('IA92000104','usine de pâtes alimentaires','Usine de pâtes alimentaires (semoulerie) dite usine des pâtes Bertrand, puis semoulerie de Bellevue Coop, actuellement semoulerie de Bellevue Panzani','92036','1949','Louis Roche (avenue) 10','1990 N 80, 101, 102, 170, 172, 173',NULL,NULL),('IA92000105','établissement de vins spéciaux','Etablissement de vins spéciaux dit coopérative Cinzano, actuellement Vernhes','92036','2e quart 20e siècle','Fossé Blanc (rue du) 53','1990 AM 3',NULL,NULL),('IA92000106','raffinerie de pétrole','Raffinerie de Pétrole dite Société Générale des Huiles et Pétroles actuellement British Petroleum','92036','1949 ; 1950 ; 1958','Caboeufs (rue des) 140','1190 AN 38',NULL,NULL),('IA92000107','usine de produits chimiques','Usine de produits chimiques Aidamort','92036',NULL,'Grésillons (avenue des) 157','1990 AO 84',NULL,NULL),('IA92000108','usine de construction mécanique','Usine de construction mécanique dite compagnie des machines pneumatiques rotatives, actuellement MPR','92036','1949','Grésillons (avenue des) 155','1990 AO 94',NULL,NULL),('IA92000109','maison','Maison','92023','1er quart 20e siècle','Cecille Dinant (rue) 13','1987 F 157',NULL,NULL),('IA92000110','maison','Maison','92023','4e quart 19e siècle','Denis Gogue (rue) 2','1987 R 137',NULL,NULL),('IA92000111','maison','Maison','92023','1er quart 20e siècle','Closiaux (rue des) 92','1987 O 155',NULL,NULL),('IA92000116','église paroissiale','Eglise paroissiale Saint-Philippe, Saint-Jacques','92020','1ère moitié 16e siècle ; 2e moitié 19e siècle ; 1er quart 20e siècle','Eglise (place de l'') 1','1993 N 44',NULL,NULL),('IA92000117','église paroissiale','Eglise paroissiale Notre-Dame-du-Calvaire','92020','1933','Paix (avenue de la) 2','1993 X 251',NULL,NULL),('IA92000131','mairie','Mairie','92020','1851','Libération (place de la) 1','1992 O 34',NULL,NULL),('IA92000132','bureau d''octroi ; gendarmerie','Bureau d''octroi, Gendarmerie Halte Garderie Municipale','92020','2e quart 20e siècle','Gabriel Péri (rue) 25','1993 J 3',NULL,NULL),('IA92000133','bureau de poste','Poste dit Centre Jacques-Prévert, puis Société des Amis du Vieux Chatillon','92020','1934','Gabriel Péri (rue) 21','1993 J 5',NULL,NULL),('IA92000134','fontaine','Fontaine monumentale','92020','1945','Jean Moulin (square)','1993 I 121',NULL,NULL),('IA92000135','établissement de bienfaisance','Etablissement de bienfaisance dit Etablissement les Marronniers, Annexe de l''Hospice des Enfants Assistés','92020','1888 ; 1936','Stalingrad (boulevard de) 19','1992 E 13',NULL,NULL),('IA92000136','garderie d''enfants','Garderie d''enfants dite Crèche Collective Jean-Macé','92020','1922','Jean Macé (rue) 9, 9bis','1993 I 247',NULL,NULL),('IA92000137','maison','Maison','92020','1ère moitié 20e siècle','Paris (avenue de) 69','1993 D 86',NULL,NULL),('IA92000138','maison de retraite','Maison de retraite dite Fondation Lambrechts','92020','1892 ; 1929','Fontenay (rue de) 44','1987 AF 14',NULL,NULL),('IA92000139','maison de retraite','Maison de retraite dite Maison de retraite Sainte-Anne d''Auray','92020','2e quart 19e siècle ; 3e quart 19e siècle','Fontenay (rue de) 5','1992 O 83',NULL,NULL),('IA92000140','groupe scolaire','Groupe scolaire dit école maternelle Gay-Lussac, école élémentaire Marcel Doret','92020','2e moitié 20e siècle','Gay Lussac (rue) 20 ; Béranger (rue) 13','1992 V 4',NULL,NULL),('IA92000141','école primaire','Ecole primaire dite Ecole Gambetta','92020','1898','Gambetta (rue) 19','1992 O 51',NULL,NULL),('IA92000142','salle des fêtes','Salle des fêtes','92020','1900','Sadi Carnot (rue) 1','1992 O 1',NULL,NULL),('IA92000143','bains douches ; lavoir','Bains douches et lavoir municipaux','92020','1927','Mairie (rue de la) 15','1992 S 55',NULL,NULL),('IA92000144','complexe sportif','Complexe sportif dit stade municipal Guy Moquet','92020','2e quart 20e siècle','Clément Perrière (avenue) 35','1993 C 218',NULL,NULL),('IA92000145','demeure','Demeure dite Folie Regnault','92020','1er quart 18e siècle','Pierre Brossolette (rue) 14, 16','1992 S 31',NULL,NULL),('IA92000146','demeure','Demeure dite folie Desmares','92020','2e quart 18e siècle','Gare (rue de la) 17','1810 2B 645, 658 ; 1993 J 124',NULL,NULL),('IA92000147','demeure','Demeure dite Propriété Paon, puis Orphelinat du Sacré-Coeur, puis Centre Médico Pédagogique le Cèdre','92020','4e quart 17e siècle ; 19e siècle','Bagneux (rue de) 12','1992 Q 84',NULL,NULL),('IA92000149','immeuble','Immeuble','92020','19e siècle','Fontenay (rue de) 12','1992 O 12',NULL,NULL),('IA92000151','maison','Maison dite Hôtel des Mathurins, puis Maison Perrotin, puis Propriété Frémont, puis Maison des Arts et de la Nature','92020','16e siècle ; 18e siècle ; 19e siècle','Bagneux (rue de) 11','1993 N 48',NULL,NULL),('IA92000152','maison','Maison dite Villa Simone','92020','1er quart 20e siècle','Clément Perrière (avenue) 34','1993 B 18',NULL,NULL),('IA92000153','maison','Maison dite Crêperie Saint-Eutrope','92020','2e moitié 16e siècle','Fontenay (rue de) 4','1992 O 4',NULL,NULL),('IA92000154','maison','Maison','92020','4e quart 16e siècle','Fontenay (rue de) 16','1992 O 31',NULL,NULL),('IA92000155','maison','Maison','92020','limite 19e siècle 20e siècle','Gambetta (rue) 10','1992 S 87',NULL,NULL),('IA92000156','maison','maison de Pailleux','92020','19e siècle','Gabriel Péri (rue) 6','1993 U 101',NULL,NULL),('IA92000157','maison','Maison','92020','milieu 19e siècle','Gabriel Péri (rue) 60','1992 S 44',NULL,NULL),('IA92000158','maison','Maison de Marchand Forain','92020','1933 ; 1934','Lilas (rue des) 12, 14','1993 B 42',NULL,NULL),('IA92000159','maison','Maison','92020','2e quart 20e siècle','Liberté (boulevard de la) 9','1993 J 63',NULL,NULL),('IA92000160','maison','Maison','92020','1867','Plateau (rue du) 92','1987 AF 76A',NULL,NULL),('IA92000161','maison','Maison','92020','limite 19e siècle 20e siècle','Sadi Carnot (rue) 16','1992 S 78',NULL,NULL),('IA92000162','maison','Maison','92020','limite 19e siècle 20e siècle','Vanves (boulevard de) 24','1993 B 175',NULL,NULL),('IA92000163','immeuble','Immeuble','92020','1er quart 20e siècle','Gabriel Péri (rue) 10','1993 U 149',NULL,NULL),('IA92000164','immeuble','Immeuble','92020','19e siècle','Mairie (rue de la) 34','1993 J 122',NULL,NULL),('IA92000165','immeuble','Immeuble','92020','limite 19e siècle 20e siècle','Pierre Brossolette (rue) 10','1992 S 82',NULL,NULL),('IA92000166','immeuble','Immeuble','92020','1913','Paris (avenue de) 8','1993 J 57',NULL,NULL),('IA92000167','édifice hospitalier ; institut de recherche','Édifice hospitalier, institut de recherche','92020','1932','Division Leclerc (avenue) 29','1987 AF 12',48.796975014888616,2.2824632978531683),('IA92000168','citerne','Citerne','92020','20e siècle','Estienne d''Orves (rue d'')','1993 R 43',NULL,NULL),('IA92000170','carrière souterraine','Carrière Souterraine (Carrière de Calcaire)','92020','3e quart 19e siècle','Ampère (rue) 19','1987 AB 51',NULL,NULL),('IA92000171','maison','Maison (Maisons en série (Série de 6) )','92020','1er quart 20e siècle','Avenir (rue de l'') 14 à 24','1993 F 63 A 66 ; 1993 F 7 A 10',NULL,NULL),('IA92000172','usine de construction aéronautique ; usine de construction métallique ; usine d''armes','Usine de construction aéronautique Dewoitine, puis usine de construction métallique et usine d''armes Brandt, puis institut de recherche et de construction aérospatiales','92020','1924 ; 1933','Béranger (rue) 12','1987 V',48.80550584747058,2.2848112010307635),('IA92000173','maison','Maison','92023','4e quart 19e siècle','Meudon (rue de) 12','1987 AL 314',NULL,NULL),('IA92000174','hôpital','Hôpital de Militaires dit Hôpital Militaire Percy','92023','1917','Henri Barbusse (avenue) 101','1987 B',NULL,NULL),('IA92000175','maison','Maison','92023','1er quart 20e siècle','Pascal (rue) 11','1987 G 1',NULL,NULL),('IA92000176','maison','Maison','92023','3e quart 19e siècle','Jean Jaurès (avenue) 70','1987 N 36',NULL,NULL),('IA92000177','maison','Maison','92023','1er quart 20e siècle','Denis Gogue (rue) 85','1987 S 96',NULL,NULL),('IA92000178','maison','maison jumelée','92023','2e quart 20e siècle','Boulet (allée) 5, 7','1987 K 387',NULL,NULL),('IA92000185','maison ; hôpital','Maison dite Villa Worth, puis hôpital dit Fondation Foch','92073','1931','Mont-Valérien (rue du) 42','1987 AC 77, 78, 79',NULL,NULL),('IA92000186','barrage ; écluse ; digue','Barrage, Ecluse, Digue dit Barrage Ecluse de Suresnes','92073','1867 ; 1884 ; 1932 ; 1973','Gallieni (quai)','parcelle non cadastrée',NULL,NULL),('IA92000187','église paroissiale','Eglise paroissiale Coeur-Immaculé-de-Marie','92073','1908','Verdun (rue de) 23','1989 M 29',NULL,NULL),('IA92000188','église paroissiale','Eglise paroissiale Saint-Leufroy','92073','8e siècle (?) ; 11e siècle ; 13e siècle ; 4e quart 15e siècle','Chemin Vert (rue du)','parcelle non cadastrée',NULL,NULL),('IA92000189','mairie','Mairie','92073','1889','Carnot (rue) 2','1989 M 95',NULL,NULL),('IA92000190','bureau de poste','Poste','92073','limite 19e siècle 20e siècle','Clos des Ermites (rue du) 2','1990 L 102',NULL,NULL),('IA92000191','bureau de poste','Poste dite Poste Principale','92073','1957','Fizeau (rue)','1987 T 27',NULL,NULL),('IA92000192','garderie d''enfants','Garderie d''enfants','92073','1934','Alexandre Darracq (rue) 5','1989 M 95',NULL,NULL),('IA92000193','dispensaire','Dispensaire','92073','1933','Carnot (rue) 12','1989 M 95',NULL,NULL),('IA92000194','groupe scolaire','Groupe scolaire dit Groupe scolaire Jules Ferry','92073','1875','Jules Ferry (rue) 12, 14','1987 T 122',NULL,NULL),('IA92000195','groupe scolaire','Groupe scolaire dit Groupe scolaire Jean-Macé','92073','1908','Jean Macé (rue) 12, 20','1989 N 17',NULL,NULL),('IA92000196','collège','Collège dit Collège Emile Zola','92073','milieu 20e siècle (?)','Franklin Roosevelt (avenue) 46','1987 C 144',NULL,NULL),('IA92000197','salle des fêtes','Salle des fêtes','92073','1897','Carnot (rue) 4','1989 M 95',NULL,NULL),('IA92000198','cinéma','Cinéma dit Cinéma le Capitole','92073','1er quart 20e siècle','Belle Gabrielle (avenue de la) 20','1987 V 65',NULL,NULL),('IA92000199','gendarmerie','Gendarmerie','92073','1er quart 20e siècle','Verdun (avenue de) 28','1989 S 72',NULL,NULL),('IA92000201','château','Château','92073',NULL,'Léon Blum (quai)','1990 Y 42',NULL,NULL),('IA92000202','maison','Maison','92073','1er quart 20e siècle','1ère maison',NULL,NULL,NULL),('IA92000203','maison','Maison','92073','milieu 19e siècle','2e maison',NULL,NULL,NULL),('IA92000204','maison','Maison','92073','milieu 19e siècle','3e maison',NULL,NULL,NULL),('IA92000205','maison','Maison','92073','4e quart 19e siècle (?)','4e maison',NULL,NULL,NULL),('IA92000206','maison','Maison','92073','4e quart 19e siècle','5e maison',NULL,NULL,NULL),('IA92000207','maison','Maison','92073','milieu 19e siècle (?)','Carnot (rue) 42','1989 M 47',NULL,NULL),('IA92000208','maison ; immeuble','Maison, Immeuble','92073','1ère moitié 17e siècle','Emile Zola (rue) 39','1987 T 44',NULL,NULL),('IA92000209','maison','Maison','92073','limite 19e siècle 20e siècle','Franklin Roosevelt (avenue) 36','1990 L 168',NULL,NULL),('IA92000210','maison','Maison','92073','2e moitié 18e siècle (?)','Bourets (rue des) 51','1987 T 60',NULL,NULL),('IA92000211','maison','Maison','92073','1901','Henri Sellier (boulevard) 143','1991 AG 76',NULL,NULL),('IA92000212','maison','Maison','92073','2e quart 20e siècle','Raymond Cosson (rue) 4','1991 AG 127',NULL,NULL),('IA92000213','maison','maison d''Henri Sellier','92073','2e quart 20e siècle','Merlin de Thionville (rue) 21','1987 AC 119',NULL,NULL),('IA92000214','maison','maison dite Château de la Grève','92073','1867','Merlin de Thionville (rue) 28','1987 U 175',NULL,NULL),('IA92000215','maison ; parc','Maison, Parc dite Propriété Salomon de Rothschild','92073','milieu 19e siècle','Verdun (rue de)',NULL,NULL,NULL),('IA92000216','maison','Maison','92073','1er quart 20e siècle','Voltaire (rue)',NULL,NULL,NULL),('IA92000217','immeuble','Immeuble','92073','1ère moitié 19e siècle','Bourets (rue des) 24','1987 V 73',NULL,NULL),('IA92000218','immeuble','Immeuble','92073','1909','Emile Zola (rue) 36','1987 T 53',NULL,NULL),('IA92000219','immeuble','Immeuble','92073','2e quart 20e siècle','Etienne Dolet (rue) 16, 18','1987 T 120',NULL,NULL),('IA92000220','immeuble','immeuble à logements','92073','1er quart 20e siècle (?)','Henri Sellier (boulevard) 135, 139','1987 AE 14',NULL,NULL),('IA92000221','immeuble','Immeuble','92073','2e quart 20e siècle','Henri Sellier (boulevard) 152, 154','1991 AG 61',NULL,NULL),('IA92000222','immeuble','Immeuble','92073','2e quart 20e siècle','Henri Sellier (boulevard) 156','1991 AG 64',NULL,NULL),('IA92000223','immeuble','Immeuble','92073','3e quart 19e siècle (?)','Mont-Valérien (rue du) 3','1987 T 42',NULL,NULL),('IA92000224','immeuble','Immeuble','92073','limite 19e siècle 20e siècle (?)','Nanterre (rue de) 12','1989 K 46',NULL,NULL),('IA92000225','immeuble','Immeuble','92073','1903','Pierre Dupont (rue) 8','1987 U 76',NULL,NULL),('IA92000226','immeuble','Immeuble','92073','1er quart 20e siècle (?)','Verdun (rue de) 65','1989 N 20',NULL,NULL),('IA92000227','immeuble','Immeuble','92073','1er quart 20e siècle (?)','Verdun (rue de) 159','1990 O 66',NULL,NULL),('IA92000228','immeuble','Immeuble','92073','2e quart 19e siècle (?)','Verdun (rue de) 167','1990 O 68',NULL,NULL),('IA92000229','usine de construction aéronautique','Usine de construction aéronautique Blériot Aéronautique','92073','1920','Marcel Dassault (quai) 1','1990 Y 1',48.861223212381155,2.223959800199678),('IA92000230','usine de construction mécanique','Usine de construction mécanique Somuet Diesel','92073','1er quart 20e siècle','Santou (rue) 4','1988 P 17',48.87367085388401,2.231482195202051),('IA92000231','usine de matériel radioélectrique','Usine de matériel radioélectrique Philips (détruit après inventaire)','92073','limite 19e siècle 20e siècle','de Verdun (rue) 41, 43','1989 M 62, 63',48.87353001325871,2.2282309331677226),('IA92000232','parfumerie ; usine de produits photographiques et cinématographiques','Parfumerie Coty, puis usine de produits photographiques et cinématographiques appelée Agfa Gevaert','92073','2e quart 20e siècle ; 4e quart 20e siècle','Henri Sellier (boulevard) 11, 13','1988 X 24',48.86691883402211,2.2267102777159127),('IA92000233','gare','Gare dite Gare de Suresnes Longchamp','92073','1889','Merlin de Thionville (rue)','parcelle non cadastrée',NULL,NULL),('IA92000234','station de pompage','Station de pompage (détruit après inventaire)','92073','2e moitié 19e siècle','Pages (rue) 2','1988 R 16',48.87156538161668,2.2320508645363946),('IA92000235','pont','premier projet de l''actuel pont de Suresnes','92073','1933 ; 1934',NULL,'parcelle non cadastrée',NULL,NULL),('IA92000236','pont','pont de Suresnes','92073','1950',NULL,'parcelle non cadastrée',NULL,NULL),('IA92000238','église paroissiale','Eglise paroissiale Notre-Dame-de-la-Paix dite Eglise paroissiale de la Cité Jardin','92073','1934','Paix (place de la)','1991 AP 5',NULL,NULL),('IA92000239','église','Eglise de luthériens dite Temple de la Cité Jardin','92073','2e quart 20e siècle (?)','Estournelle de Constant (avenue d'')','1991 AP 49',NULL,NULL),('IA92000240','hospice','Hospice de la Cité Jardin','92073','2e quart 20e siècle (?)','Locarno (rue de) 15','1991 AP 28',NULL,NULL),('IA92000241','dispensaire','Dispensaire de la Cité Jardin','92073','2e quart 20e siècle','Platanes (allée des) 3, 5','1991 AP 20',NULL,NULL),('IA92000242','groupe scolaire','groupe scolaire Edouard Vaillant, puis groupe scolaire de la Cité Jardin','92073','1923','Edouard Vaillant (rue) 6, 8, 10','1991 AP 16',NULL,NULL),('IA92000243','groupe scolaire ; collège','groupe scolaire - collège Henri-Sellier, puis groupe scolaire - collège de la Cité Jardin','92073','2e quart 20e siècle','Aristide Briand (boulevard) 9','1991 AP 40',NULL,NULL),('IA92000244','école maternelle','école maternelle Wilson, puis école maternelle Dans la Cité Jardin','92073','2e quart 20e siècle','Président Wilson (avenue du)','1991 AP 39',NULL,NULL),('IA92000245','théâtre ; salle des fêtes','Centre culturel Albert Thomas, puis théâtre Jean Vilar, puis théâtre salle des fêtes de la Cité Jardin','92073','1938','Stalingrad (place)','1991 AP 42',NULL,NULL),('IA92000246','bains douches ; lavoir','Bains douches, puis Lavoir de la Cité Jardin','92073','2e quart 20e siècle','Edouard Vaillant (avenue)','1991 AP 45',NULL,NULL),('IA92000247','ermitage ; mont calvaire ; couvent ; chapelle ; château ; orphelinat ; moulin ; station de télégraphe ; fort ; cimetière','Ensemble dit le Mont Valérien : ermitage, mont calvaire, couvent, chapelle, château, orphelinat, moulin, station de télégraphe, fort, cimetière','92073','1634 ; 1793 ; 1812 ; 1828 ; 1841 ; 1960','Entrée du Fort (avenue de l'')','1981 A 2 A 23, 47',NULL,NULL),('IA92000249','groupe scolaire','Groupe scolaire dite Ecole de Plein Air','92073','1936','Procession (rue de la) 104','1987 AK 3',NULL,NULL),('IA92000250','château','Château des Landes','92073','4e quart 18e siècle','Landes (avenue des)',NULL,NULL,NULL),('IA92000251','auberge','auberge Au Père Lapin','92073','1er quart 20e siècle','Washington (boulevard) 186','1987 B 49',NULL,NULL),('IA92000252','église paroissiale','Eglise paroissiale Saint-Louis','92073','1939','Voltaire (rue) 83','1989 G 139',NULL,NULL),('IA92000253','groupe scolaire','Groupe scolaire 2e Projet','92073','2e quart 20e siècle','Maurice Payret-Dortail (rue) 2',NULL,NULL,NULL),('IA92000254','groupe scolaire','Groupe scolaire dit Projet Pourquoi Pas ?','92073','2e quart 20e siècle','Maurice Payret-Dortail (rue) 2',NULL,NULL,NULL),('IA92000255','groupe scolaire ; lycée','Groupe scolaire : école Maurice Payret-Dortail, puis lycée Paul Langevin','92073','1927','Maurice Payret-Dortail (rue) 2','1981 F 1',NULL,NULL),('IA92000256','maison','Maison','92073','1er quart 20e siècle','Chênes (rue des) 28','1990 E 30',NULL,NULL),('IA92000257','maison','Maison','92073','1er quart 20e siècle','Chênes (rue des) 29','1990 E 176',NULL,NULL),('IA92000258','maison','Maison','92073','1ère moitié 19e siècle','Bas-Rogers (rue des) 7','1930 O 90',NULL,NULL),('IA92000259','pont','Pont de chemin de fer dit viaduc des Bas Rogers','92073','1839','Bas-Rogers (rue des)','parcelle non cadastrée',NULL,NULL),('IA92000260','maison','Maison','92073','1er quart 20e siècle','Arthème-Genteur (rue) 20','1990 AH133',NULL,NULL),('IA92000261','maison','Maison','92073','1er quart 20e siècle','Arthème-Genteur (rue) 22','1990 AH 151',NULL,NULL),('IA92000262','maison','Maison dite Villa la Clarté','92073','1er quart 20e siècle','Beau Site (allée)','1990 AH 241',NULL,NULL),('IA92000263','maison','Maison','92073','2e quart 20e siècle (?)','Criolla (avenue de la) 18','1990 AH 122',NULL,NULL),('IA92000265','maison','Maison','92073','1er quart 20e siècle','Garibaldi (rue) 13','1990 AF 49',NULL,NULL),('IA92000266','chapelle','Chapelle Notre-Dame-de-la-Salette','92073','1924','Hocquettes (chemin des) 1','1991 AJ 118',NULL,NULL),('IA92000267','maison','Maison','92073','1er quart 20e siècle','Marcel Monge (rue) 8','1990 Z 165',NULL,NULL),('IA92000268','maison','Maison','92073','limite 19e siècle 20e siècle','Pasteur (rue) 29, 31','1990 Z 167',NULL,NULL),('IA92000269','maison ; atelier','Maison, Atelier','92073','1er quart 20e siècle','Pasteur (rue) 45','1990 Z 154',NULL,NULL),('IA92000270','immeuble','immeuble à logements','92073','1er quart 20e siècle','Pasteur (rue) 51','1990 Z 146',NULL,NULL),('IA92000271','hôtel de voyageurs','hôtel de voyageurs','92073','1er quart 20e siècle','Pasteur (rue) 39','1990 Z 161',NULL,NULL),('IA92000272','pont','pont de chemin de fer dit Viaduc du Val d''Or','92073','1839','Val d''Or (rue du)','parcelle non cadastrée',NULL,NULL),('IA92000273','école maternelle','Ecole maternelle dite des Rochers','92023','2e quart 20e siècle','Estienne d''Orves (rue d'') 70','1987 U 114',NULL,NULL),('IA92000278','collégiale','Collégiale Saint-Cloud','92064','6e siècle ; 8e siècle ; 13e siècle','Faïencerie (rue de la)','1987 AH 327',NULL,NULL),('IA92000279','église paroissiale','Eglise paroissiale Saint-Clodoald','92064','1863','Eglise (place de l'')','1987 AH 87',NULL,NULL),('IA92000280','mairie','Mairie','92064','1873 ; 1924 ; 1966','Charles de Gaulle (place)','1987 AH 88',NULL,NULL),('IA92000281','bureau de poste','Poste','92064','limite 19e siècle 20e siècle','Silly (place de) 12','1987 AH 95',NULL,NULL),('IA92000282','hospice ; hôpital','Hospice, Hôpital','92064','1788','Silly (place) 3','1987 AH 104',NULL,NULL),('IA92000283','gare','Gare dite Gare du Pont de Saint-Cloud','92064','1889','Georges Clémenceau (place)','1987 AH 183',NULL,NULL),('IA92000284','château ; parc','Château et parc dit Domaine national de Saint-Cloud','92064','4e quart 16e siècle ; 2e moitié 17e siècle ; milieu 18e siècle ; limite 18e siècle 19e siècle ; 19e siècle','parc du château','1987 E1 E2',NULL,NULL),('IA92000285','maison','Maison','92064','1er quart 20e siècle','1ère maison',NULL,NULL,NULL),('IA92000286','maison','Maison','92064','1er quart 20e siècle','2e maison',NULL,NULL,NULL),('IA92000287','maison','Maison','92064','1er quart 20e siècle','3e maison',NULL,NULL,NULL),('IA92000288','maison','Maison','92064','1er quart 20e siècle','4e maison',NULL,NULL,NULL),('IA92000289','maison','Maison','92064','3e quart 19e siècle','5e maison',NULL,NULL,NULL),('IA92000290','maison','Maison','92064','1er quart 20e siècle','6e maison',NULL,NULL,NULL),('IA92000291','maison','Maison','92064','1er quart 20e siècle','7e maison',NULL,NULL,NULL),('IA92000292','maison','Maison','92064','1er quart 20e siècle','8e maison',NULL,NULL,NULL),('IA92000293','maison','Maison','92064','1er quart 20e siècle','9e maison',NULL,NULL,NULL),('IA92000294','maison','Maison','92064','1er quart 20e siècle','Calvaire (rue du) 18','1987 AE 242',NULL,NULL),('IA92000295','maison','Maison dite Isba','92064','4e quart 19e siècle','Ecoles (rue des) 15','1987 AH 34',NULL,NULL),('IA92000296','maison','Maison','92064','4e quart 19e siècle','Maréchal de Lattre de Tassigny (avenue du) 6','1987 AE 218',NULL,NULL),('IA92000297','immeuble','Immeuble','92064','4e quart 19e siècle',NULL,NULL,NULL,NULL),('IA92000298','immeuble','Immeuble','92064','2e quart 20e siècle','Bernard Palissy (avenue) 4, 34','1987 AD 287, AE 85',NULL,NULL),('IA92000299','immeuble','Immeuble','92064','2e quart 20e siècle','Bernard Palissy (avenue) 52','1987 AD 263',NULL,NULL),('IA92000300','immeuble','immeuble à logements','92064','1936','Calvaire (rue du) 15, 30','1987 AL 124',NULL,NULL),('IA92000301','immeuble','Immeuble','92064','2e moitié 17e siècle','Orléans (rue d'')','1987 AH 379',NULL,NULL),('IA92000302','groupe scolaire','Groupe scolaire','92064','2e quart 20e siècle','Senard (boulevard) 82','1987 AD 237',NULL,NULL),('IA92000303','restaurant','restaurant le Pavillon Bleu','92064','limite 19e siècle 20e siècle','Palais (avenue du)','1987 AH 266',NULL,NULL),('IA92000304','auberge ; restaurant','Auberge, Restaurant','92064','4e quart 19e siècle','Dailly (rue) 3','1987 AH 241',NULL,NULL),('IA92000305','usine de construction aéronautique ; immeuble de bureaux','Usine de construction aéronautique, immeuble de bureaux dit usine Dassault','92064','1936','Carnot (quai) 78, 79','1987 AD 247',48.858699368770374,2.222358204001716),('IA92000306','usine de matériel d''équipement industriel ; usine de petite métallurgie','usine de matériel d''équipement industriel, usine de petite métallurgie dite Pompes Guinard','92064','1936','Fouilleuse (avenue de la)',NULL,NULL,NULL),('IA92000307','usine de produits photographiques et cinématographiques','Usine de produits photographiques et cinématographiques dite Laboratoire de traitement cinématographique LTC (détruit après inventaire)','92064','1924','Senard (boulevard) 32','1987 AE 113',48.85105352040643,2.221883560269412),('IA92000308','pont','Pont dit Pont de Saint-Cloud','92064','841 ; 1307 ; 1547 ; 1810 ; 1840 ; 1940',NULL,'parcelle non cadastrée',NULL,NULL),('IA92000309','réservoir','Réservoir de l''Avre','92064','1893 ; 1900 ; 1938','de la République (boulevard) ; de l''Avre (rue)','1987 AM 76',48.854184359886744,2.2093540607505497),('IA92000310','gare','Gare dite Gare des Coteaux','92064','1889','Longchamp (avenue de)','1987 AD 380',NULL,NULL),('IA92000314','église paroissiale','Eglise paroissiale Stella-Matutina','92064','1965','Henri Chrétien (place) 1','1987 AN 280',NULL,NULL),('IA92000315','temple','Temple de Protestants','92064','limite 19e siècle 20e siècle','Garches (rue de) 1, 3','1987 AO 66',NULL,NULL),('IA92000316','groupe scolaire','groupe scolaire de Montretout','92064','1906','René Weill (rue) 3','1987 AN 273',NULL,NULL),('IA92000317','hôtel ; collège','Hôtel Cartier Bresson, puis collège Emile Verhaeren','92064','1883 ; 1947','République (boulevard de la) 108','1987 AK 61',NULL,NULL),('IA92000318','maison','Maison','92064','1er quart 20e siècle',NULL,NULL,NULL,NULL),('IA92000319','maison','Maison dite Villa Hemsy','92064','1913','Crillon (rue de) 3','1987 AI 98',NULL,NULL),('IA92000320','maison','Maison dite Villa Zimmermann, de Charles Gounod','92064','4e quart 19e siècle','Gounod (rue) 5','1987 AI 164',NULL,NULL),('IA92000321','maison','Maison','92064','1935','Gounod (rue) 60','1987 AI 382',NULL,NULL),('IA92000322','maison','Maison','92064','1er quart 20e siècle','Lelégard (rue) 3','1987 AO 548',NULL,NULL),('IA92000323','maison','Maison dite Villa Mirande','92064','1924','Montesquiou (rue) 3','1987 AI 338',NULL,NULL),('IA92000324','maison','Maison','92064','3e quart 19e siècle','Parc (avenue du) 8','1987 AI 126',NULL,NULL),('IA92000325','maison','Maison','92064','1er quart 20e siècle','René Weill (rue) 4bis','1987 AK 8',NULL,NULL),('IA92000326','maison','Maison','92064','4e quart 19e siècle','République (boulevard de la) 75','1987 AK 41',NULL,NULL),('IA92000327','maison','Maison','92064','1893','République (boulevard de la) 104','1987 AK 67',NULL,NULL),('IA92000328','maison','Maison','92064','limite 19e siècle 20e siècle','Tennerolles (rue des) 28','1987 AK 320',NULL,NULL),('IA92000329','maison','Maison','92064','1er quart 20e siècle','Tennerolles (rue des) 155','1987 AO 299',NULL,NULL),('IA92000330','immeuble','Immeuble','92064','1ère moitié 19e siècle','Gounod (rue) 28','1987 AI 67',NULL,NULL),('IA92000331','immeuble','Immeuble','92064','2e quart 20e siècle','Maréchal Foch (rue du) 20bis','1987 AK 25',NULL,NULL),('IA92000332','garage','Garage','92064','1936','Gounod (rue) 64','1987 AI 342',NULL,NULL),('IA92000333','gare','gare de Saint-Cloud Montretout','92064','1894','Dailly (rue)','1987 AH 261',NULL,NULL),('IA92000334','chapelle','Chapelle Notre-Dame-des-Airs','92064','1919','Alfred Belmontet (avenue) 13','1987 AD 10',NULL,NULL),('IA92000335','bureau de poste','Poste','92064','1er quart 20e siècle','Romand (avenue) 10','1987 AD 332',NULL,NULL),('IA92000336','gare','Gare dite Gare du Val d''Or','92064','1er quart 20e siècle','Gare (place de la)','1987 AD 473',NULL,NULL),('IA92000337','maison','Maison','92064','1914','Alfred Belmontet (avenue) 22','1987 AD 348',NULL,NULL),('IA92000338','maison','maison de Jane Renouardt','92064','1925','Buzenval (rue de) 2','1987 AL 211',NULL,NULL),('IA92000339','maison','Maison Clodoald','92064','limite 19e siècle 20e siècle','Clodoald (avenue) 2','1987 AD 304',NULL,NULL),('IA92000340','maison ; parc','maison dite Villa les Tourneroches, parc','92064','1er quart 20e siècle ; 2e quart 20e siècle','Michel Salles (rue) 23','1987 AL 198, 202',NULL,NULL),('IA92000341','maison','maison dite Villa Paquin ou les Treillages','92064','1913','Michel Salles (rue) 25, 29','1987 AL 84',NULL,NULL),('IA92000344','bibliothèque','bibliothèque pour enfants La joie par les livres','92023','1965','Champagne (rue de)','1987 BI 235',NULL,NULL),('IA92000345','maison','Maison Les Tilleuls','92023','1927','Moulin-de-Pierre (rue du) 45','1987 S 88',NULL,NULL),('IA92000346','usine de construction aéronautique','usine de construction aéronautique dite usine de construction aéronautique Anzani, puis Henri Potez, puis Bronzavia, puis Air France.','92026','1er quart 20e siècle','Verdun (avenue de) 112','1992 AQ 71',NULL,NULL),('IA92000347','usine de construction aéronautique ; usine de construction mécanique','usine de construction aéronautique, usine de construction mécanique dite usine de construction aéronautique Air Equipement, puis établissement A.L. Claret.','92026','1937','Faidherbes (rue) 33 à 41','1988 AP 16, 17, 18, 57',NULL,NULL),('IA92000348','fonderie','fonderie dite Société Industrielle de Fonderie d''Aluminium (SIFA).','92026','1ere moitié 20e siècle','lilas d''Espagne (rue des) 72','1988 A 178',NULL,NULL),('IA92000349','usine de construction mécanique','usine de construction mécanique dite société des fours Meker et Cie.','92026','1924','Verdun (avenue de) 105','1987 OP 149',NULL,NULL),('IA92000350','usine de construction automobile ; usine de construction mécanique','usine de construction automobile, usine de construction mécanique dite usine de construction automobile Louis Delage puis usine de construction mécanique G P S puis usine de construction automobile Berliet.','92026','1913','Verdun (boulevard de) 138 ; Moulin des Bruyères (rue du) 11','1990 AQ 73',NULL,NULL),('IA92000351','usine de papeterie','usine de papeterie dite usine de papeterie Delafosse et Physalys, puis Delphy.','92026','1928','Louvain (rue de) 15, 17, 22','1989 AS 200, 227',NULL,NULL),('IA92000352','usine de produits alimentaires','usine de produits alimentaires dite usine de produits alimentaires Dalloyau.','92026',NULL,'Château-du-Loir (rue du) 16','1992 R 5, 7, 48',NULL,NULL),('IA92000353','biscuiterie','biscuiterie.','92044','1894 ; 1900','Anatole France (rue) 112','1992 K 10',NULL,NULL),('IA92000354','usine de produits alimentaires','usine de produits alimentaires dite usine de produits alimentaires Louit Frères et Cie.','92044','1903','Victor Hugo (rue) 148 ; Paul-Vaillant-Couturier (rue)','1992 G 9',NULL,NULL),('IA92000355','usine de construction automobile ; chocolaterie ; usine de mécanique de précision','usine de construction automobile, chocolaterie, usine de mécanique de précision dite usine de construction automobile Delage, puis chocolaterie Meunier, puis usine de mécanique de précision Jaeger.','92044','1907 ; 1986','Paul-Baudin (rue) 83 ; Jules-Guesde (rue) 141','1987 E 16',NULL,NULL),('IA92000356','brulerie','brulerie de café Carvalho puis Société d''Importation de Produits Alimentaires, actuellement bureaux.','92044','1897 ; 1900','Paul-Vaillant-Couturier (rue) 98','1992 P 99',NULL,NULL),('IA92000357','usine de papeterie','usine de papeterie (usine de papier de verre) dite usine de papier de verre Hermes abrasif.','92044','1932','Chaptal (rue) 61','1992 T 137',NULL,NULL),('IA92000358','usine de construction mécanique','usine de construction mécanique dite usine de construction mécanique Bergougnan.','92044','1911','Paul-Baudin (rue) 12','1992 J 2',NULL,NULL),('IA92000359','usine de construction mécanique','usine de construction mécanique Clessim, actuellement entrepôt Lancel','92026','1er quart 20e siècle','Fauvelles (rue des) 45','198 C 32',NULL,NULL),('IA92000360','parfumerie','parfumerie Guerlain.','92026','3e quart 20e siècle','Louis Urbach (25) rue','1987 AR 43',NULL,NULL),('IA92000361','usine de produits chimiques','usine de produits chimiques dite laboratoires Pointet, puis Pointet-Girard, puis Rhône-Poulenc.','92078','4e quart 19e siècle','Jean-Jaures (avenue) 35','1981 M 84, 105, 116, 122, 127',NULL,NULL),('IA92000362','usine de produits pharmaceutiques','usine de produits pharmaceutiques dite laboratoires Mouneyrat.','92078','1902','Henri-Barbusse (rue) 10','1838 H 117, 118',NULL,NULL),('IA92000363','usine de construction navale','usine de construction navale dite chantiers navals Vandenbossche et Rachaert.','92078','1898','Sisley (quai) 60 à 66','1983 E 1, 2',NULL,NULL),('IA92000365','usine de construction automobile','ensemble de construction automobile dit usine Clément-Bayard, puis André-Citroën','92044','1897 ; 1904 ; 1924 ; 1949','Michelet (quai) 48 à 58 ; Anatole-France (rue) 136 à 140 ; Greffulhe (rue) 20','1981 B 8 ; 1987 K 1 ; 1981 C 34',NULL,NULL),('IA92000366','usine de construction mécanique','ensemble de construction automobile dit usine Clément-Bayard, puis André-Citroën','92044','1904 ; 1924','Greffulhe (rue) 38 et 44','1981 C 7',NULL,NULL),('IA92000548','blanchisserie','Blanchisserie','92063','2e quart 19e siècle','d''Essling (rue) 8','1981 AX 244',48.87371855854704,2.1788904376876523),('IA92000549','blanchisserie ; bureau','Blanchisserie, puis bureaux','92063','2e quart 19e siècle','Liénard (rue) 10','1981 AH 425',48.87872951661527,2.1878756303890756),('IA92000551','hôtel de voyageurs','hôtel de voyageurs','92075','2e quart 20e siècle','République (rue de la ) 44','1887',NULL,NULL),('IA92000553','école maternelle ; école primaire','Ecole intercommunale (maternelle et primaire) des Blagis','92071','1955 ; 1960','de Bagneux (rue) 48','2007 U 81, 150, 157, 235, 237',NULL,NULL),('IA92000554','immeuble à logements','Résidence Bellevue, Clamart','92023','1967','de Fontenay (rue) 71-73','2015 000 AI 01 179',48.797478616958585,2.272450505901159),('IA92000555','maison','Maison G., Fontenay-aux-Roses','92032','1965','Fleurie (allée) 13','2015 000101 120',48.78740925981701,2.2818678798466454),('IA92000556','immeuble de bureaux','Immeuble de bureaux, Châtillon (détruit)',NULL,'1993','Pierre Sémard (rue ) 90','2015 000 H 01 10',48.80556983577782,2.2972379340243005),('IA92000573','atelier','Immeuble d''ateliers d''artistes','92049','2e quart 20e siècle','Jules Ferry (place) 40-46',NULL,NULL,NULL),('IA92000574','immeuble ; immeuble à logements','Atelier d''artistes de la Cité-jardin de la Butte Rouge','92019','2e quart 20e siècle',NULL,NULL,NULL,NULL),('IA92000575','immeuble à logements','Ateliers d''artistes de la Cité-Jardin du Plessis-Robinson (Les Lunettes et Le Plateau)','92060','2e quart 20e siècle',NULL,NULL,NULL,NULL),('IA92000576','immeuble à logements','Cité Payret-Dortail','92075','2e quart 20e siècle',NULL,NULL,NULL,NULL),('IA92002320','piscine','Piscine olympique de Colombes','92025','1969',NULL,'2022 BX 145, 155',48.92618580540539,2.2316850656533087);
CREATE TEMP TABLE t_adr(ref text,ord int,num int,voie text,insee text) ON COMMIT DROP;
INSERT INTO t_adr VALUES
('IA92000006',0,204,'avenue Victor Hugo','92023'),('IA92000006',1,206,'avenue Victor Hugo','92023'),('IA92000006',2,208,'avenue Victor Hugo','92023'),('IA92000006',3,210,'avenue Victor Hugo','92023'),('IA92000007',0,NULL,'place de l'' Eglise','92023'),('IA92000008',0,145,'avenue Jean Jaurès','92023'),('IA92000009',0,340,'avenue du Général de Gaulle','92023'),('IA92000010',0,3,'rue de l'' Est','92023'),('IA92000011',0,5,'rue Fauveau','92023'),('IA92000031',0,21,'rue des Châtaigniers','92023'),('IA92000032',0,NULL,'place de la Gare','92023'),('IA92000036',0,NULL,'place Maurice Gunsbourg','92023'),('IA92000037',0,NULL,'place Maurice Gunsbourg','92023'),('IA92000038',0,25,'rue Hébert','92023'),('IA92000039',0,26,'rue du Trosy','92023'),('IA92000040',0,1,'place Ferrari','92023'),('IA92000041',0,26,'avenue du Président Roosevelt','92023'),('IA92000042',0,81,'avenue Adolphe Schneider','92023'),('IA92000044',0,7,'rue Gathelot','92023'),('IA92000045',0,2,'rue du Docteur Roux','92023'),('IA92000046',0,154,'avenue Jean Jaurès','92023'),('IA92000046',1,152,'avenue Jean Jaurès','92023'),('IA92000046',2,6,'rue Jules Ferry','92023'),('IA92000047',0,43,'rue d'' Estienne d''Orves','92023'),('IA92000049',0,1,'avenue Jean Jaurès','92023'),('IA92000050',0,14,'rue de la Maison Blanche','92023'),('IA92000051',0,12,'rue de l'' Eglise','92023'),('IA92000052',0,14,'avenue de Vanves','92023'),('IA92000053',0,NULL,'place Maurice Gunsbourg','92023'),('IA92000053',1,27,'rue du Trosy','92023'),('IA92000054',0,30,'avenue Gabriel Péri','92023'),('IA92000055',0,18,'rue Taboise','92023'),('IA92000056',0,36,'rue Cecille Dinant','92023'),('IA92000059',0,NULL,'place du Garde','92023'),('IA92000060',0,163,'avenue Jean Jaurès','92023'),('IA92000061',0,173,'avenue Jean Jaurès','92023'),('IA92000062',0,9,'rue Louise Possoz','92023'),('IA92000063',0,11,'rue Pierre et Marie Curie','92023'),('IA92000064',0,33,'rue du Moulin de Pierres','92023'),('IA92000065',0,35,'rue du Moulin de Pierres','92023'),('IA92000065',1,37,'rue du Moulin de Pierres','92023'),('IA92000066',0,225,'avenue Jean Jaurès','92023'),('IA92000067',0,1,'rue Hébert','92023'),('IA92000068',0,19,'rue Hébert','92023'),('IA92000069',0,47,'avenue Jean Jaurès','92023'),('IA92000070',0,202,'avenue Jean Jaurès','92023'),('IA92000071',0,1,'rue René Samuel','92023'),('IA92000072',0,16,'rue Paul Vaillant Couturier','92023'),('IA92000073',0,223,'avenue Victor Hugo','92023'),('IA92000074',0,38,'avenue Jean Jaurès','92023'),('IA92000075',0,8,'rue Georges Huguet','92023'),('IA92000076',0,31,'rue Gambetta','92023'),('IA92000077',0,NULL,'rue Novion','92004'),('IA92000077',1,NULL,'quai Aulagnier','92004'),('IA92000078',0,255,'quai Aulagnier','92004'),('IA92000079',0,14,'rue Basly','92004'),('IA92000080',0,225,'quai Aulagnier','92004'),('IA92000081',0,2,'rue de Solférino','92004'),('IA92000081',1,3,'avenue Sainte Anne','92004'),('IA92000082',0,15,'rue des Champs','92004'),('IA92000083',0,17,'rue de la Comète','92004'),('IA92000084',0,46,'boulevard Voltaire','92004'),('IA92000085',0,5,'rue des Chasse','92024'),('IA92000085',1,NULL,'quai de Clichy','92024'),('IA92000086',0,NULL,'quai de Clichy','92024'),('IA92000086',1,NULL,'rue Louis Fournier','92024'),('IA92000087',0,27,'rue de Villeneuve','92024'),('IA92000088',0,NULL,'rue du Bac d''Asnières','92024'),('IA92000088',1,18,'quai de Clichy','92024'),('IA92000089',0,37,'rue du Landy','92024'),('IA92000090',0,12,'rue du Bac d''Asnières','92024'),('IA92000092',0,NULL,'quai de Gennevilliers','92036'),('IA92000093',0,132,'avenue du Pont d''Epinay','92036'),('IA92000094',0,119,'avenue Louis Roche','92036'),('IA92000095',0,23,'rue Henri Barbusse','92036'),('IA92000096',0,291,'avenue d'' Argenteuil','92036'),('IA92000097',0,106,'rue du Fossé Blanc','92036'),('IA92000098',0,66,'rue Pierre Timbaud','92036'),('IA92000099',0,22,'rue Henri Vuillemin','92036'),('IA92000100',0,56,'avenue Louis Rochée','92036'),('IA92000100',1,68,'avenue Louis Rochée','92036'),('IA92000101',0,60,'rue du Fossé Blanc','92036'),('IA92000102',0,37,'avenue Jean Jaurès','92036'),('IA92000102',1,41,'avenue Jean Jaurès','92036'),('IA92000103',0,183,'avenue des Grésillons','92036'),('IA92000103',1,185,'avenue des Grésillons','92036'),('IA92000104',0,10,'avenue Louis Roche','92036'),('IA92000105',0,53,'rue du Fossé Blanc','92036'),('IA92000106',0,140,'rue des Caboeufs','92036'),('IA92000107',0,157,'avenue des Grésillons','92036'),('IA92000108',0,155,'avenue des Grésillons','92036'),('IA92000109',0,13,'rue Cecille Dinant','92023'),('IA92000110',0,2,'rue Denis Gogue','92023'),('IA92000111',0,92,'rue des Closiaux','92023'),('IA92000116',0,1,'place de l'' Eglise','92020'),('IA92000117',0,2,'avenue de la Paix','92020'),('IA92000131',0,1,'place de la Libération','92020'),('IA92000132',0,25,'rue Gabriel Péri','92020'),('IA92000133',0,21,'rue Gabriel Péri','92020'),('IA92000134',0,NULL,'square Jean Moulin','92020'),('IA92000135',0,19,'boulevard de Stalingrad','92020'),('IA92000136',0,9,'rue Jean Macé','92020'),('IA92000137',0,69,'avenue de Paris','92020'),('IA92000138',0,44,'rue de Fontenay','92020'),('IA92000139',0,5,'rue de Fontenay','92020'),('IA92000140',0,20,'rue Gay Lussac','92020'),('IA92000140',1,13,'rue Béranger','92020'),('IA92000141',0,19,'rue Gambetta','92020'),('IA92000142',0,1,'rue Sadi Carnot','92020'),('IA92000143',0,15,'rue de la Mairie','92020'),('IA92000144',0,35,'avenue Clément Perrière','92020'),('IA92000145',0,14,'rue Pierre Brossolette','92020'),('IA92000145',1,16,'rue Pierre Brossolette','92020'),('IA92000146',0,17,'rue de la Gare','92020'),('IA92000147',0,12,'rue de Bagneux','92020'),('IA92000149',0,12,'rue de Fontenay','92020'),('IA92000151',0,11,'rue de Bagneux','92020'),('IA92000152',0,34,'avenue Clément Perrière','92020'),('IA92000153',0,4,'rue de Fontenay','92020'),('IA92000154',0,16,'rue de Fontenay','92020'),('IA92000155',0,10,'rue Gambetta','92020'),('IA92000156',0,6,'rue Gabriel Péri','92020'),('IA92000157',0,60,'rue Gabriel Péri','92020'),('IA92000158',0,12,'rue des Lilas','92020'),('IA92000158',1,14,'rue des Lilas','92020'),('IA92000159',0,9,'boulevard de la Liberté','92020'),('IA92000160',0,92,'rue du Plateau','92020'),('IA92000161',0,16,'rue Sadi Carnot','92020'),('IA92000162',0,24,'boulevard de Vanves','92020'),('IA92000163',0,10,'rue Gabriel Péri','92020'),('IA92000164',0,34,'rue de la Mairie','92020'),('IA92000165',0,10,'rue Pierre Brossolette','92020'),('IA92000166',0,8,'avenue de Paris','92020'),('IA92000167',0,29,'avenue Division Leclerc','92020'),('IA92000168',0,NULL,'rue d'' Estienne d''Orves','92020'),('IA92000170',0,19,'rue Ampère','92020'),('IA92000171',0,14,'rue de l'' Avenir','92020'),('IA92000171',1,24,'rue de l'' Avenir','92020'),('IA92000172',0,12,'rue Béranger','92020'),('IA92000173',0,12,'rue de Meudon','92023'),('IA92000174',0,101,'avenue Henri Barbusse','92023'),('IA92000175',0,11,'rue Pascal','92023'),('IA92000176',0,70,'avenue Jean Jaurès','92023'),('IA92000177',0,85,'rue Denis Gogue','92023'),('IA92000178',0,5,'allée Boulet','92023'),('IA92000178',1,7,'allée Boulet','92023'),('IA92000185',0,42,'rue du Mont-Valérien','92073'),('IA92000186',0,NULL,'quai Gallieni','92073'),('IA92000187',0,23,'rue de Verdun','92073'),('IA92000188',0,NULL,'rue du Chemin Vert','92073'),('IA92000189',0,2,'rue Carnot','92073'),('IA92000190',0,2,'rue du Clos des Ermites','92073'),('IA92000191',0,NULL,'rue Fizeau','92073'),('IA92000192',0,5,'rue Alexandre Darracq','92073'),('IA92000193',0,12,'rue Carnot','92073'),('IA92000194',0,12,'rue Jules Ferry','92073'),('IA92000194',1,14,'rue Jules Ferry','92073'),('IA92000195',0,12,'rue Jean Macé','92073'),('IA92000195',1,20,'rue Jean Macé','92073'),('IA92000196',0,46,'avenue Franklin Roosevelt','92073'),('IA92000197',0,4,'rue Carnot','92073'),('IA92000198',0,20,'avenue de la Belle Gabrielle','92073'),('IA92000199',0,28,'avenue de Verdun','92073'),('IA92000201',0,NULL,'quai Léon Blum','92073'),('IA92000202',0,1,'','92073'),('IA92000203',0,2,'','92073'),('IA92000204',0,3,'','92073'),('IA92000205',0,4,'','92073'),('IA92000206',0,5,'','92073'),('IA92000207',0,42,'rue Carnot','92073'),('IA92000208',0,39,'rue Emile Zola','92073'),('IA92000209',0,36,'avenue Franklin Roosevelt','92073'),('IA92000210',0,51,'rue des Bourets','92073'),('IA92000211',0,143,'boulevard Henri Sellier','92073'),('IA92000212',0,4,'rue Raymond Cosson','92073'),('IA92000213',0,21,'rue Merlin de Thionville','92073'),('IA92000214',0,28,'rue Merlin de Thionville','92073'),('IA92000215',0,NULL,'rue de Verdun','92073'),('IA92000216',0,NULL,'rue Voltaire','92073'),('IA92000217',0,24,'rue des Bourets','92073'),('IA92000218',0,36,'rue Emile Zola','92073'),('IA92000219',0,16,'rue Etienne Dolet','92073'),('IA92000219',1,18,'rue Etienne Dolet','92073'),('IA92000220',0,135,'boulevard Henri Sellier','92073'),('IA92000220',1,139,'boulevard Henri Sellier','92073'),('IA92000221',0,152,'boulevard Henri Sellier','92073'),('IA92000221',1,154,'boulevard Henri Sellier','92073'),('IA92000222',0,156,'boulevard Henri Sellier','92073'),('IA92000223',0,3,'rue du Mont-Valérien','92073'),('IA92000224',0,12,'rue de Nanterre','92073'),('IA92000225',0,8,'rue Pierre Dupont','92073'),('IA92000226',0,65,'rue de Verdun','92073'),('IA92000227',0,159,'rue de Verdun','92073'),('IA92000228',0,167,'rue de Verdun','92073'),('IA92000229',0,1,'quai Marcel Dassault','92073'),('IA92000230',0,4,'rue Santou','92073'),('IA92000231',0,41,'rue de Verdun','92073'),('IA92000231',1,43,'rue de Verdun','92073'),('IA92000232',0,11,'boulevard Henri Sellier','92073'),('IA92000232',1,13,'boulevard Henri Sellier','92073'),('IA92000233',0,NULL,'rue Merlin de Thionville','92073'),('IA92000234',0,2,'rue Pages','92073'),('IA92000238',0,NULL,'place de la Paix','92073'),('IA92000239',0,NULL,'avenue d'' Estournelle de Constant','92073'),('IA92000240',0,15,'rue de Locarno','92073'),('IA92000241',0,3,'allée des Platanes','92073'),('IA92000241',1,5,'allée des Platanes','92073'),('IA92000242',0,6,'rue Edouard Vaillant','92073'),('IA92000242',1,8,'rue Edouard Vaillant','92073'),('IA92000242',2,10,'rue Edouard Vaillant','92073'),('IA92000243',0,9,'boulevard Aristide Briand','92073'),('IA92000244',0,NULL,'avenue du Président Wilson','92073'),('IA92000245',0,NULL,'place Stalingrad','92073'),('IA92000246',0,NULL,'avenue Edouard Vaillant','92073'),('IA92000247',0,NULL,'avenue de l'' Entrée du Fort','92073'),('IA92000249',0,104,'rue de la Procession','92073'),('IA92000250',0,NULL,'avenue des Landes','92073'),('IA92000251',0,186,'boulevard Washington','92073'),('IA92000252',0,83,'rue Voltaire','92073'),('IA92000253',0,2,'rue Maurice Payret-Dortail','92073'),('IA92000254',0,2,'rue Maurice Payret-Dortail','92073'),('IA92000255',0,2,'rue Maurice Payret-Dortail','92073'),('IA92000256',0,28,'rue des Chênes','92073'),('IA92000257',0,29,'rue des Chênes','92073'),('IA92000258',0,7,'rue des Bas-Rogers','92073'),('IA92000259',0,NULL,'rue des Bas-Rogers','92073'),('IA92000260',0,20,'rue Arthème-Genteur','92073'),('IA92000261',0,22,'rue Arthème-Genteur','92073'),('IA92000262',0,NULL,'allée Beau Site','92073'),('IA92000263',0,18,'avenue de la Criolla','92073'),('IA92000265',0,13,'rue Garibaldi','92073'),('IA92000266',0,1,'chemin des Hocquettes','92073'),('IA92000267',0,8,'rue Marcel Monge','92073'),('IA92000268',0,29,'rue Pasteur','92073'),('IA92000268',1,31,'rue Pasteur','92073'),('IA92000269',0,45,'rue Pasteur','92073'),('IA92000270',0,51,'rue Pasteur','92073'),('IA92000271',0,39,'rue Pasteur','92073'),('IA92000272',0,NULL,'rue du Val d''Or','92073'),('IA92000273',0,70,'rue d'' Estienne d''Orves','92023'),('IA92000278',0,NULL,'rue de la Faïencerie','92064'),('IA92000279',0,NULL,'place de l'' Eglise','92064'),('IA92000280',0,NULL,'place Charles de Gaulle','92064'),('IA92000281',0,12,'place de Silly','92064'),('IA92000282',0,3,'place Silly','92064'),('IA92000283',0,NULL,'place Georges Clémenceau','92064'),('IA92000284',0,NULL,'parc du château','92064'),('IA92000285',0,1,'','92064'),('IA92000286',0,2,'','92064'),('IA92000287',0,3,'','92064'),('IA92000288',0,4,'','92064'),('IA92000289',0,5,'','92064'),('IA92000290',0,6,'','92064'),('IA92000291',0,7,'','92064'),('IA92000292',0,8,'','92064'),('IA92000293',0,9,'','92064'),('IA92000294',0,18,'rue du Calvaire','92064'),('IA92000295',0,15,'rue des Ecoles','92064'),('IA92000296',0,6,'avenue du Maréchal de Lattre de Tassigny','92064'),('IA92000298',0,4,'avenue Bernard Palissy','92064'),('IA92000298',1,34,'avenue Bernard Palissy','92064'),('IA92000299',0,52,'avenue Bernard Palissy','92064'),('IA92000300',0,15,'rue du Calvaire','92064'),('IA92000300',1,30,'rue du Calvaire','92064'),('IA92000301',0,NULL,'rue d'' Orléans','92064'),('IA92000302',0,82,'boulevard Senard','92064'),('IA92000303',0,NULL,'avenue du Palais','92064'),('IA92000304',0,3,'rue Dailly','92064'),('IA92000305',0,78,'quai Carnot','92064'),('IA92000305',1,79,'quai Carnot','92064'),('IA92000306',0,NULL,'avenue de la Fouilleuse','92064'),('IA92000307',0,32,'boulevard Senard','92064'),('IA92000309',0,NULL,'boulevard de la République','92064'),('IA92000309',1,NULL,'rue de l''Avre','92064'),('IA92000310',0,NULL,'avenue de Longchamp','92064'),('IA92000314',0,1,'place Henri Chrétien','92064'),('IA92000315',0,1,'rue de Garches','92064'),('IA92000315',1,3,'rue de Garches','92064'),('IA92000316',0,3,'rue René Weill','92064'),('IA92000317',0,108,'boulevard de la République','92064'),('IA92000319',0,3,'rue de Crillon','92064'),('IA92000320',0,5,'rue Gounod','92064'),('IA92000321',0,60,'rue Gounod','92064'),('IA92000322',0,3,'rue Lelégard','92064'),('IA92000323',0,3,'rue Montesquiou','92064'),('IA92000324',0,8,'avenue du Parc','92064'),('IA92000325',0,4,'rue René Weill','92064'),('IA92000326',0,75,'boulevard de la République','92064'),('IA92000327',0,104,'boulevard de la République','92064'),('IA92000328',0,28,'rue des Tennerolles','92064'),('IA92000329',0,155,'rue des Tennerolles','92064'),('IA92000330',0,28,'rue Gounod','92064'),('IA92000331',0,20,'rue du Maréchal Foch','92064'),('IA92000332',0,64,'rue Gounod','92064'),('IA92000333',0,NULL,'rue Dailly','92064'),('IA92000334',0,13,'avenue Alfred Belmontet','92064'),('IA92000335',0,10,'avenue Romand','92064'),('IA92000336',0,NULL,'place de la Gare','92064'),('IA92000337',0,22,'avenue Alfred Belmontet','92064'),('IA92000338',0,2,'rue de Buzenval','92064'),('IA92000339',0,2,'avenue Clodoald','92064'),('IA92000340',0,23,'rue Michel Salles','92064'),('IA92000341',0,25,'rue Michel Salles','92064'),('IA92000341',1,29,'rue Michel Salles','92064'),('IA92000344',0,NULL,'rue de Champagne','92023'),('IA92000345',0,45,'rue du Moulin-de-Pierre','92023'),('IA92000346',0,112,'avenue de Verdun','92026'),('IA92000347',0,33,'rue Faidherbes','92026'),('IA92000347',1,41,'rue Faidherbes','92026'),('IA92000348',0,72,'rue des lilas d''Espagne','92026'),('IA92000349',0,105,'avenue de Verdun','92026'),('IA92000350',0,138,'boulevard de Verdun','92026'),('IA92000350',1,11,'rue du Moulin des Bruyères','92026'),('IA92000351',0,15,'rue de Louvain','92026'),('IA92000351',1,17,'rue de Louvain','92026'),('IA92000351',2,22,'rue de Louvain','92026'),('IA92000352',0,16,'rue du Château-du-Loir','92026'),('IA92000353',0,112,'rue Anatole France','92044'),('IA92000354',0,148,'rue Victor Hugo','92044'),('IA92000354',1,NULL,'rue Paul-Vaillant-Couturier','92044'),('IA92000355',0,83,'rue Paul-Baudin','92044'),('IA92000355',1,141,'rue Jules-Guesde','92044'),('IA92000356',0,98,'rue Paul-Vaillant-Couturier','92044'),('IA92000357',0,61,'rue Chaptal','92044'),('IA92000358',0,12,'rue Paul-Baudin','92044'),('IA92000359',0,45,'rue des Fauvelles','92026'),('IA92000360',0,NULL,'25 Louis Urbach','92026'),('IA92000361',0,35,'avenue Jean-Jaures','92078'),('IA92000362',0,10,'rue Henri-Barbusse','92078'),('IA92000363',0,60,'quai Sisley','92078'),('IA92000363',1,66,'quai Sisley','92078'),('IA92000365',0,48,'quai Michelet','92044'),('IA92000365',1,58,'quai Michelet','92044'),('IA92000365',2,136,'rue Anatole-France','92044'),('IA92000365',3,140,'rue Anatole-France','92044'),('IA92000365',4,20,'rue Greffulhe','92044'),('IA92000366',0,38,'rue Greffulhe','92044'),('IA92000366',1,44,'rue Greffulhe','92044'),('IA92000548',0,8,'rue d''Essling','92063'),('IA92000549',0,10,'rue Liénard','92063'),('IA92000551',0,44,'rue de la République','92075'),('IA92000553',0,48,'rue de Bagneux','92071'),('IA92000554',0,71,'rue de Fontenay','92023'),('IA92000554',1,73,'rue de Fontenay','92023'),('IA92000555',0,13,'allée Fleurie','92032'),('IA92000556',0,90,'rue Pierre Sémard',NULL),('IA92000573',0,40,'place Jules Ferry','92049'),('IA92000573',1,46,'place Jules Ferry','92049');
CREATE TEMP TABLE t_cada(ref text,ord int,insee text,section text,numero text) ON COMMIT DROP;
INSERT INTO t_cada VALUES
('IA92000006',0,'92023','J',315),('IA92000007',0,'92023','AL',92),('IA92000008',0,'92023','Q',118),('IA92000009',0,'92023','BI',321),('IA92000010',0,'92023','AM',55),('IA92000011',0,'92023','AS',1),('IA92000031',0,'92023','AV',10),('IA92000032',0,'92023','I',17),('IA92000036',0,'92023','AD',278),('IA92000037',0,'92023','AD',NULL),('IA92000038',0,'92023','J',227),('IA92000039',0,'92023','AD',20),('IA92000040',0,'92023','AL',93),('IA92000041',0,'92023','AC',3),('IA92000042',0,'92023','AU',2),('IA92000044',0,'92023','AK',101),('IA92000045',0,'92023','BD',1),('IA92000046',0,'92023','P',58),('IA92000047',0,'92023','U',92),('IA92000049',0,'92023','AD',278),('IA92000050',0,'92023','AF',58),('IA92000051',0,'92023','AL',135),('IA92000052',0,'92023','H',66),('IA92000053',0,'92023','AD',39),('IA92000054',0,'92023','AF',1),('IA92000055',0,'92023','AL',116),('IA92000056',0,'92023','G',10),('IA92000059',0,'92023','AT',8),('IA92000060',0,'92023','Q',94),('IA92000061',0,'92023','G',57),('IA92000062',0,'92023','AM',75),('IA92000063',0,'92023','AD',260),('IA92000064',0,'92023','S',82),('IA92000065',0,'92023','S',83),('IA92000065',1,'92023','S',84),('IA92000066',0,'92023','H',13),('IA92000067',0,'92023','I',19),('IA92000068',0,'92023','J',230),('IA92000069',0,'92023','AE',9),('IA92000070',0,'92023','H',63),('IA92000071',0,'92023','AL',67),('IA92000072',0,'92023','AE',41),('IA92000073',0,'92023','H',68),('IA92000074',0,'92023','AE',49),('IA92000075',0,'92023','AF',3),('IA92000075',1,'92023','AF',57),('IA92000075',2,'92023','AF',102),('IA92000075',3,'92023','AF',104),('IA92000075',4,'92023','AF',119),('IA92000075',5,'92023','AF',125),('IA92000075',6,'92023','AF',127),('IA92000075',7,'92023','AF',130),('IA92000075',8,'92023','AF',131),('IA92000075',9,'92023','AF',135),('IA92000075',10,'92023','N',41),('IA92000075',11,'92023','N',81),('IA92000075',12,'92023','N',85),('IA92000075',13,'92023','N',92),('IA92000075',14,'92023','N',133),('IA92000075',15,'92023','N',143),('IA92000075',16,'92023','N',148),('IA92000075',17,'92023','N',165),('IA92000075',18,'92023','N',168),('IA92000075',19,'92023','N',171),('IA92000075',20,'92023','N',181),('IA92000075',21,'92023','N',182),('IA92000075',22,'92023','N',194),('IA92000075',23,'92023','N',207),('IA92000075',24,'92023','N',214),('IA92000075',25,'92023','N',216),('IA92000075',26,'92023','N',256),('IA92000075',27,'92023','N',258),('IA92000075',28,'92023','N',283),('IA92000075',29,'92023','N',284),('IA92000075',30,'92023','N',289),('IA92000075',31,'92023','N',294),('IA92000075',32,'92023','N',301),('IA92000075',33,'92023','N',304),('IA92000076',0,'92023','G',12),('IA92000077',0,'92004','AY',57),('IA92000078',0,'92004','BD',NULL),('IA92000079',0,'92004','R',131),('IA92000080',0,'92004','BD',NULL),('IA92000081',0,'92004','AH',79),('IA92000081',1,'92004','AH',84),('IA92000082',0,'92004','AB',176),('IA92000083',0,'92004','X',143),('IA92000083',1,'92004','X',148),('IA92000083',2,'92004','X',180),('IA92000083',3,'92004','X',181),('IA92000083',4,'92004','X',186),('IA92000084',0,'92004','S',67),('IA92000085',0,'92024','B',2),('IA92000085',1,'92024','B',3),('IA92000085',2,'92024','B',10),('IA92000085',3,'92024','B',12),('IA92000085',4,'92024','B',14),('IA92000086',0,'92024','B',4),('IA92000087',0,'92024','P',131),('IA92000088',0,'92024','A',5),('IA92000088',1,'92024','A',6),('IA92000088',2,'92024','A',7),('IA92000088',3,'92024','A',8),('IA92000089',0,'92024','P',26),('IA92000090',0,'92024','B',3),('IA92000092',0,'92036','B',35),('IA92000092',1,'92036','B',28),('IA92000093',0,'92036','H',17),('IA92000093',1,'92036','H',28),('IA92000093',2,'92036','H',29),('IA92000094',0,'92036','P',92),('IA92000094',1,'92036','P',40),('IA92000094',2,'92036','P',45),('IA92000094',3,'92036','P',46),('IA92000095',0,'92036','AK',2),('IA92000095',1,'92036','AK',4),('IA92000095',2,'92036','AK',5),('IA92000095',3,'92036','AK',6),('IA92000095',4,'92036','AK',7),('IA92000095',5,'92036','AK',10),('IA92000095',6,'92036','AK',53),('IA92000095',7,'92036','AK',55),('IA92000095',8,'92036','AK',20),('IA92000095',9,'92036','AK',21),('IA92000096',0,'92036','A',3),('IA92000096',1,'92036','A',12),('IA92000096',2,'92036','A',13),('IA92000096',3,'92036','A',16),('IA92000096',4,'92036','A',17),('IA92000096',5,'92036','A',19),('IA92000096',6,'92036','A',20),('IA92000096',7,'92036','A',23),('IA92000096',8,'92036','A',26),('IA92000096',9,'92036','A',27),('IA92000097',0,'92036','P',60),('IA92000098',0,'92036','U',104),('IA92000099',0,'92036','AO',74),('IA92000099',1,'92036','AO',90),('IA92000099',2,'92036','AO',89),('IA92000099',3,'92036','AO',75),('IA92000100',0,'92036','O',23),('IA92000100',1,'92036','O',28),('IA92000100',2,'92036','O',29),('IA92000100',3,'92036','O',30),('IA92000101',0,'92036','P',58),('IA92000101',1,'92036','P',60),('IA92000101',2,'92036','P',67),('IA92000101',3,'92036','P',68),('IA92000101',4,'92036','P',69),('IA92000101',5,'92036','P',70),('IA92000102',0,'92036','AH',96),('IA92000102',1,'92036','AH',97),('IA92000102',2,'92036','AH',98),('IA92000104',0,'92036','N',80),('IA92000104',1,'92036','N',101),('IA92000104',2,'92036','N',102),('IA92000104',3,'92036','N',170),('IA92000104',4,'92036','N',172),('IA92000104',5,'92036','N',173),('IA92000105',0,'92036','AM',3),('IA92000107',0,'92036','AO',84),('IA92000108',0,'92036','AO',94),('IA92000109',0,'92023','F',157),('IA92000110',0,'92023','R',137),('IA92000111',0,'92023','O',155),('IA92000116',0,'92020','N',44),('IA92000117',0,'92020','X',251),('IA92000131',0,'92020','O',34),('IA92000132',0,'92020','J',3),('IA92000133',0,'92020','J',5),('IA92000134',0,'92020','I',121),('IA92000135',0,'92020','E',13),('IA92000136',0,'92020','I',247),('IA92000137',0,'92020','D',86),('IA92000138',0,'92020','AF',14),('IA92000139',0,'92020','O',83),('IA92000140',0,'92020','V',4),('IA92000141',0,'92020','O',51),('IA92000142',0,'92020','O',1),('IA92000143',0,'92020','S',55),('IA92000144',0,'92020','C',218),('IA92000145',0,'92020','S',31),('IA92000146',0,'92020','J',124),('IA92000147',0,'92020','Q',84),('IA92000149',0,'92020','O',12),('IA92000151',0,'92020','N',48),('IA92000152',0,'92020','B',18),('IA92000153',0,'92020','O',4),('IA92000154',0,'92020','O',31),('IA92000155',0,'92020','S',87),('IA92000156',0,'92020','U',101),('IA92000157',0,'92020','S',44),('IA92000158',0,'92020','B',42),('IA92000159',0,'92020','J',63),('IA92000160',0,'92020','AF',76),('IA92000161',0,'92020','S',78),('IA92000162',0,'92020','B',175),('IA92000163',0,'92020','U',149),('IA92000164',0,'92020','J',122),('IA92000165',0,'92020','S',82),('IA92000166',0,'92020','J',57),('IA92000167',0,'92020','AF',12),('IA92000168',0,'92020','R',43),('IA92000170',0,'92020','AB',51),('IA92000171',0,'92020','F',63),('IA92000171',1,'92020','F',66),('IA92000171',2,'92020','F',7),('IA92000171',3,'92020','F',10),('IA92000172',0,'92020','V',NULL),('IA92000173',0,'92023','AL',314),('IA92000174',0,'92023','B',NULL),('IA92000175',0,'92023','G',1),('IA92000176',0,'92023','N',36),('IA92000177',0,'92023','S',96),('IA92000178',0,'92023','K',387),('IA92000185',0,'92073','AC',77),('IA92000185',1,'92073','AC',78),('IA92000185',2,'92073','AC',79),('IA92000187',0,'92073','M',29),('IA92000189',0,'92073','M',95),('IA92000190',0,'92073','L',102),('IA92000191',0,'92073','T',27),('IA92000192',0,'92073','M',95),('IA92000193',0,'92073','M',95),('IA92000194',0,'92073','T',122),('IA92000195',0,'92073','N',17),('IA92000196',0,'92073','C',144),('IA92000197',0,'92073','M',95),('IA92000198',0,'92073','V',65),('IA92000199',0,'92073','S',72),('IA92000201',0,'92073','Y',42),('IA92000207',0,'92073','M',47),('IA92000208',0,'92073','T',44),('IA92000209',0,'92073','L',168),('IA92000210',0,'92073','T',60),('IA92000211',0,'92073','AG',76),('IA92000212',0,'92073','AG',127),('IA92000213',0,'92073','AC',119),('IA92000214',0,'92073','U',175),('IA92000217',0,'92073','V',73),('IA92000218',0,'92073','T',53),('IA92000219',0,'92073','T',120),('IA92000220',0,'92073','AE',14),('IA92000221',0,'92073','AG',61),('IA92000222',0,'92073','AG',64),('IA92000223',0,'92073','T',42),('IA92000224',0,'92073','K',46),('IA92000225',0,'92073','U',76),('IA92000226',0,'92073','N',20),('IA92000227',0,'92073','O',66),('IA92000228',0,'92073','O',68),('IA92000229',0,'92073','Y',1),('IA92000230',0,'92073','P',17),('IA92000231',0,'92073','M',62),('IA92000231',1,'92073','M',63),('IA92000232',0,'92073','X',24),('IA92000234',0,'92073','R',16),('IA92000238',0,'92073','AP',5),('IA92000239',0,'92073','AP',49),('IA92000240',0,'92073','AP',28),('IA92000241',0,'92073','AP',20),('IA92000242',0,'92073','AP',16),('IA92000243',0,'92073','AP',40),('IA92000244',0,'92073','AP',39),('IA92000245',0,'92073','AP',42),('IA92000246',0,'92073','AP',45),('IA92000247',0,'92073','A',2),('IA92000247',1,'92073','A',23),('IA92000247',2,'92073','A',47),('IA92000249',0,'92073','AK',3),('IA92000251',0,'92073','B',49),('IA92000252',0,'92073','G',139),('IA92000255',0,'92073','F',1),('IA92000256',0,'92073','E',30),('IA92000257',0,'92073','E',176),('IA92000258',0,'92073','O',90),('IA92000261',0,'92073','AH',151),('IA92000262',0,'92073','AH',241),('IA92000263',0,'92073','AH',122),('IA92000265',0,'92073','AF',49),('IA92000266',0,'92073','AJ',118),('IA92000267',0,'92073','Z',165),('IA92000268',0,'92073','Z',167),('IA92000269',0,'92073','Z',154),('IA92000270',0,'92073','Z',146),('IA92000271',0,'92073','Z',161),('IA92000273',0,'92023','U',114),('IA92000278',0,'92064','AH',327),('IA92000279',0,'92064','AH',87),('IA92000280',0,'92064','AH',88),('IA92000281',0,'92064','AH',95),('IA92000282',0,'92064','AH',104),('IA92000283',0,'92064','AH',183),('IA92000294',0,'92064','AE',242),('IA92000295',0,'92064','AH',34),('IA92000296',0,'92064','AE',218),('IA92000298',0,'92064','AD',287),('IA92000298',1,'92064','AD',85),('IA92000299',0,'92064','AD',263),('IA92000300',0,'92064','AL',124),('IA92000301',0,'92064','AH',379),('IA92000302',0,'92064','AD',237),('IA92000303',0,'92064','AH',266),('IA92000304',0,'92064','AH',241),('IA92000305',0,'92064','AD',247),('IA92000307',0,'92064','AE',113),('IA92000309',0,'92064','AM',76),('IA92000310',0,'92064','AD',380),('IA92000314',0,'92064','AN',280),('IA92000315',0,'92064','AO',66),('IA92000316',0,'92064','AN',273),('IA92000317',0,'92064','AK',61),('IA92000319',0,'92064','AI',98),('IA92000320',0,'92064','AI',164),('IA92000321',0,'92064','AI',382),('IA92000322',0,'92064','AO',548),('IA92000323',0,'92064','AI',338),('IA92000324',0,'92064','AI',126),('IA92000325',0,'92064','AK',8),('IA92000326',0,'92064','AK',41),('IA92000327',0,'92064','AK',67),('IA92000328',0,'92064','AK',320),('IA92000329',0,'92064','AO',299),('IA92000330',0,'92064','AI',67),('IA92000331',0,'92064','AK',25),('IA92000332',0,'92064','AI',342),('IA92000333',0,'92064','AH',261),('IA92000334',0,'92064','AD',10),('IA92000335',0,'92064','AD',332),('IA92000336',0,'92064','AD',473),('IA92000337',0,'92064','AD',348),('IA92000338',0,'92064','AL',211),('IA92000339',0,'92064','AD',304),('IA92000340',0,'92064','AL',198),('IA92000340',1,'92064','AL',202),('IA92000341',0,'92064','AL',84),('IA92000344',0,'92023','BI',235),('IA92000345',0,'92023','S',88),('IA92000346',0,'92026','AQ',71),('IA92000347',0,'92026','AP',16),('IA92000347',1,'92026','AP',17),('IA92000347',2,'92026','AP',18),('IA92000347',3,'92026','AP',57),('IA92000348',0,'92026','A',178),('IA92000349',0,'92026','OP',149),('IA92000350',0,'92026','AQ',73),('IA92000351',0,'92026','AS',200),('IA92000351',1,'92026','AS',227),('IA92000352',0,'92026','R',5),('IA92000352',1,'92026','R',7),('IA92000352',2,'92026','R',48),('IA92000353',0,'92044','K',10),('IA92000354',0,'92044','G',9),('IA92000355',0,'92044','E',16),('IA92000356',0,'92044','P',99),('IA92000357',0,'92044','T',137),('IA92000358',0,'92044','J',2),('IA92000360',0,'92026','AR',43),('IA92000361',0,'92078','M',84),('IA92000361',1,'92078','M',105),('IA92000361',2,'92078','M',116),('IA92000361',3,'92078','M',122),('IA92000361',4,'92078','M',127),('IA92000362',0,'92078','H',117),('IA92000362',1,'92078','H',118),('IA92000363',0,'92078','E',1),('IA92000363',1,'92078','E',2),('IA92000365',0,'92044','B',8),('IA92000365',1,'92044','K',1),('IA92000365',2,'92044','C',34),('IA92000366',0,'92044','C',7),('IA92000548',0,'92063','AX',244),('IA92000549',0,'92063','AH',425),('IA92000553',0,'92071','U',81),('IA92000553',1,'92071','U',150),('IA92000553',2,'92071','U',157),('IA92000553',3,'92071','U',235),('IA92000553',4,'92071','U',237),('IA92002320',0,'92025','BX',145),('IA92002320',1,'92025','BX',155);
CREATE TEMP TABLE t_pt(ref text,insee text,lat float8,lon float8) ON COMMIT DROP;
INSERT INTO t_pt VALUES
('IA92000040','92023',48.79817563867457,2.262146345260619),('IA92000167','92020',48.796975014888616,2.2824632978531683),('IA92000172','92020',48.80550584747058,2.2848112010307635),('IA92000229','92073',48.861223212381155,2.223959800199678),('IA92000230','92073',48.87367085388401,2.231482195202051),('IA92000231','92073',48.87353001325871,2.2282309331677226),('IA92000232','92073',48.86691883402211,2.2267102777159127),('IA92000234','92073',48.87156538161668,2.2320508645363946),('IA92000305','92064',48.858699368770374,2.222358204001716),('IA92000307','92064',48.85105352040643,2.221883560269412),('IA92000309','92064',48.854184359886744,2.2093540607505497),('IA92000548','92063',48.87371855854704,2.1788904376876523),('IA92000549','92063',48.87872951661527,2.1878756303890756),('IA92000554','92023',48.797478616958585,2.272450505901159),('IA92000555','92032',48.78740925981701,2.2818678798466454),('IA92000556',NULL,48.80556983577782,2.2972379340243005),('IA92002320','92025',48.92618580540539,2.2316850656533087);
CREATE TEMP TABLE tmp_ban92 ON COMMIT DROP AS
  SELECT fid,numero,nom_voie,insee_commune,norm_voie(nom_voie) AS voie_norm,geom
  FROM adresse_ban WHERE insee_commune LIKE '92%';
CREATE INDEX ON tmp_ban92 USING gin(voie_norm gin_trgm_ops);
CREATE INDEX ON tmp_ban92(insee_commune,nom_voie,numero);
ANALYZE tmp_ban92;

INSERT INTO inventaire_general (ref,deno,nom,commune_insee,datation,adresse,cada_ref,cleabs,mode_rattachement,dist_m,desamb_serree,geom_point)
WITH
adr_geo AS (
  SELECT c.ref,c.ord,c.num,c.voie,c.insee, v.voie AS voie_match, p.geom, (p.numero=c.num) AS exact
  FROM t_adr c
  LEFT JOIN LATERAL (
    SELECT b.nom_voie AS voie
    FROM tmp_ban92 b
    WHERE c.insee IS NOT NULL AND b.insee_commune=c.insee
      AND b.voie_norm % norm_voie(c.voie)
    GROUP BY b.nom_voie
    ORDER BY max(similarity(b.voie_norm, norm_voie(c.voie))) DESC
    LIMIT 1
  ) v ON true
  LEFT JOIN LATERAL (
    SELECT b.geom, b.numero
    FROM tmp_ban92 b
    WHERE b.insee_commune=c.insee AND b.nom_voie=v.voie
      AND c.num IS NOT NULL AND b.numero BETWEEN c.num-2 AND c.num+2
    ORDER BY abs(b.numero-c.num) ASC, (b.numero=c.num) DESC
    LIMIT 1
  ) p ON true
),
adr_best AS (SELECT DISTINCT ON (ref) * FROM adr_geo ORDER BY ref,(geom IS NOT NULL) DESC, ord),
adr_res AS (
  SELECT ref,
         COALESCE(
           (SELECT b.cleabs FROM batiment b WHERE ST_Contains(b.geom,ab.geom) LIMIT 1),
           (SELECT b.cleabs FROM batiment b WHERE ST_DWithin(b.geom,ab.geom,15) ORDER BY b.geom<->ab.geom LIMIT 1)
         ) AS cleabs,
         (SELECT round(ST_Distance(b.geom,ab.geom)::numeric,2) FROM batiment b WHERE ST_DWithin(b.geom,ab.geom,15) ORDER BY b.geom<->ab.geom LIMIT 1) AS dist,
         CASE WHEN ab.exact THEN 'num_exact' ELSE 'voisin_2' END AS mode,
         ab.geom AS geom_point
  FROM adr_best ab WHERE ab.geom IS NOT NULL
),
adr_final AS (SELECT ref,cleabs,dist,mode,geom_point FROM adr_res WHERE cleabs IS NOT NULL),
cada_par AS (
  SELECT c.ref,c.ord,pc.id AS pid,pc.geom AS pgeom,
    (SELECT count(*) FROM batiment b WHERE ST_Intersects(b.geom,pc.geom) AND ST_Contains(pc.geom,ST_PointOnSurface(b.geom))) AS nbat
  FROM t_cada c
  JOIN parcelle pc ON pc.commune=c.insee AND pc.section=c.section
    AND c.numero IS NOT NULL AND pc.numero ~ '^[0-9]+$' AND pc.numero::int=c.numero::int
),
cada_best AS (SELECT DISTINCT ON (ref) * FROM cada_par ORDER BY ref,(nbat=1) DESC,(nbat>0) DESC, ord),
cada_bats AS (
  SELECT cb.ref, cb.nbat, b.cleabs, ST_Area(b.geom) AS area,
         max(ST_Area(b.geom)) OVER (PARTITION BY cb.ref) AS maxarea
  FROM cada_best cb
  JOIN batiment b ON ST_Intersects(b.geom,cb.pgeom) AND ST_Contains(cb.pgeom,ST_PointOnSurface(b.geom))
  WHERE cb.nbat>0
),
cada_second AS (SELECT ref, max(area) AS second FROM cada_bats WHERE area<maxarea GROUP BY ref),
cada_res AS (
  SELECT cb.ref, cb.cleabs,
    CASE WHEN cb.nbat=1 THEN 'cada_1bati' ELSE 'cada_max_emprise' END AS mode,
    (cb.nbat>1 AND cs.second IS NOT NULL AND (cb.maxarea-cs.second)/cb.maxarea < 0.15) AS desamb
  FROM cada_bats cb LEFT JOIN cada_second cs USING(ref)
  WHERE cb.area = cb.maxarea
),
pt_par AS (
  SELECT c.ref, c.g AS geom_point, pc.geom AS pgeom
  FROM (SELECT ref, ST_Transform(ST_SetSRID(ST_MakePoint(lon,lat),4326),2154) AS g FROM t_pt) c
  JOIN parcelle pc ON ST_Contains(pc.geom, c.g)
),
pt_bats AS (
  SELECT pp.ref, pp.geom_point, b.cleabs, ST_Area(b.geom) AS area,
         max(ST_Area(b.geom)) OVER (PARTITION BY pp.ref) AS maxarea
  FROM pt_par pp JOIN batiment b ON ST_Intersects(b.geom,pp.pgeom) AND ST_Contains(pp.pgeom,ST_PointOnSurface(b.geom))
),
pt_res AS (SELECT ref,cleabs,geom_point FROM pt_bats WHERE area=maxarea),
final AS (
  SELECT ref,cleabs,dist::numeric AS dist_m,mode,false AS desamb,geom_point::geometry AS geom_point FROM adr_final
  UNION ALL
  SELECT ref,cleabs,NULL::numeric,mode,desamb,NULL::geometry FROM cada_res
    WHERE ref NOT IN (SELECT ref FROM adr_final)
  UNION ALL
  SELECT ref,cleabs,NULL::numeric,'point_parcelle',false,geom_point::geometry FROM pt_res
    WHERE ref NOT IN (SELECT ref FROM adr_final) AND ref NOT IN (SELECT ref FROM cada_res)
  UNION ALL
  SELECT ref,NULL::text,NULL::numeric,NULL::text,false,NULL::geometry FROM t_notice
    WHERE ref NOT IN (SELECT ref FROM adr_final)
      AND ref NOT IN (SELECT ref FROM cada_res)
      AND ref NOT IN (SELECT ref FROM pt_res)
)
SELECT f.ref,n.deno,n.nom,n.commune_insee,n.datation,n.adresse,n.cada_ref,
       f.cleabs,f.mode,f.dist_m,f.desamb,f.geom_point
FROM final f JOIN t_notice n USING(ref);

COMMIT;

-- 5) Vérifications (lecture seule ; ne modifient rien) -------------------------
-- V1 — rattachement global (attendu ~ 250 / 306 / 250) :
--   notices rattachées / notices totales / cleabs badgés
SELECT count(DISTINCT ref) FILTER (WHERE cleabs IS NOT NULL) AS notices_rattachees,
       count(DISTINCT ref)                                    AS notices_total,
       count(*) FILTER (WHERE cleabs IS NOT NULL)             AS cleabs_badges
FROM inventaire_general;

-- V2 — cas de désambiguïsation serrée (écart emprise max/2e < 15 % ; attendu 2) :
SELECT count(*) FROM inventaire_general WHERE desamb_serree;

-- V3 — répartition des modes de rattachement :
--   attendu ~ num_exact 203, voisin_2 18, cada_max_emprise 16, cada_1bati 10,
--            point_parcelle 3, (NULL) 56
SELECT mode_rattachement, count(*) FROM inventaire_general GROUP BY 1 ORDER BY 2 DESC;

-- V4 — GOLDEN : monuments_historiques doit rester INCHANGÉE
--   (count = 176, md5 = 287a726cde813fc2e9fd74c5f6c6c10c au moment de l'import) :
SELECT count(*) AS mh_count,
       md5(string_agg(ref||coalesce(cleabs,'')||statut,',' ORDER BY ref)) AS mh_md5
FROM monuments_historiques;

-- V5a — 5 lignes rattachées :
SELECT ref, left(deno,26) AS deno, cleabs, mode_rattachement, dist_m, desamb_serree
FROM inventaire_general WHERE cleabs IS NOT NULL
ORDER BY mode_rattachement, ref LIMIT 5;

-- V5b — 3 lignes non rattachées (cleabs NULL ; badge_actif=true mais ne badge pas) :
SELECT ref, left(deno,24) AS deno, left(adresse,26) AS adresse,
       left(cada_ref,14) AS cada_ref, cleabs, mode_rattachement, badge_actif
FROM inventaire_general WHERE cleabs IS NULL ORDER BY ref LIMIT 3;

-- V5c — les cas desamb_serree (complexe sportif, ermitage) :
SELECT ref, left(deno,30) AS deno, cleabs, mode_rattachement
FROM inventaire_general WHERE desamb_serree;

-- V6 — liste blanche totale : deno_affichage vide, badge_actif partout true :
SELECT (SELECT count(*) FROM deno_affichage)          AS deno_affichage_rows,
       count(*) FILTER (WHERE badge_actif)            AS badge_actif_true,
       count(*)                                       AS total
FROM inventaire_general;
